"FID","Shape","OBJECTID","FID_Jornad","ecosite1","ecosite2","ecosite3","SUM_Shape_","FID_JERVeg","VegUnite","DOM1","DOM2","DOM3","SUM_Shape1","Shape_Leng","Shape_Area","FGUnite","Dom1FG","Dom2FG","Dom3FG","EcositeFinal","EcositeType","GeneralizedState"
0,"Polygon",1,1," "," "," ",3529.60461,12,"DAFO,LATR2,COWA","DAFO","LATR2","COWA",189431.8893,193.826817,1819.853278,"shrub,shrub,shrub","shrub","shrub","shrub","",NA,NA
1,"Polygon",2,2,"Bottomland","Limy","Salt Flats",35299777.56,5,"ATCA2,PRGL2,PLMU3","ATCA2","PRGL2","PLMU3",73764.27674,1127.438929,73764.27674,"shrub,shrub,PG","shrub","shrub","PG","Bottomland",1,5
2,"Polygon",3,2,"Bottomland","Limy","Salt Flats",35299777.56,6,"Bare, , ","Bare"," "," ",672734.5624,1309.602255,59236.97516,"Bare","Bare",NA,NA,"Bottomland",1,7
3,"Polygon",4,2,"Bottomland","Limy","Salt Flats",35299777.56,22,"FLCE,LATR2,PLMU3","FLCE","LATR2","PLMU3",2217269.929,25081.9078,1223274.825,"shrub,shrub,PG","shrub","shrub","PG","Bottomland",1,5
4,"Polygon",5,2,"Bottomland","Limy","Salt Flats",35299777.56,23,"FLCE,LATR2,PRGL2","FLCE","LATR2","PRGL2",106827.5527,2357.702016,82508.08409,"shrub,shrub,shrub","shrub","shrub","shrub","Bottomland",1,5
5,"Polygon",6,2,"Bottomland","Limy","Salt Flats",35299777.56,27,"FLCE,PLMU3,PRGL2","FLCE","PLMU3","PRGL2",1053634.346,4801.521843,724499.7229,"shrub,PG,shrub","shrub","PG","shrub","Bottomland",1,4
6,"Polygon",7,2,"Bottomland","Limy","Salt Flats",35299777.56,43,"LATR2,FLCE,PLMU3","LATR2","FLCE","PLMU3",43342492.31,111407.184,15044719.03,"shrub,shrub,PG","shrub","shrub","PG","Bottomland",1,5
7,"Polygon",8,2,"Bottomland","Limy","Salt Flats",35299777.56,46,"LATR2,FLCE,SCBR2","LATR2","FLCE","SCBR2",977810.0217,7557.768061,365609.9572,"shrub,shrub,PG","shrub","shrub","PG","Bottomland",1,5
8,"Polygon",9,2,"Bottomland","Limy","Salt Flats",35299777.56,47,"LATR2,GUSA2,ERLE","LATR2","GUSA2","ERLE",1222034.019,2484.961372,48567.01599,"shrub,subshrub,Inv","shrub","subshrub","Inv","Bottomland",1,6
9,"Polygon",10,2,"Bottomland","Limy","Salt Flats",35299777.56,48,"LATR2,MUPO2,PRGL2","LATR2","MUPO2","PRGL2",1829154.863,4409.867642,55118.19264,"shrub,PG,shrub","shrub","PG","shrub","Bottomland",1,4
10,"Polygon",11,2,"Bottomland","Limy","Salt Flats",35299777.56,50,"LATR2,PLMU3,SCBR2","LATR2","PLMU3","SCBR2",629345.0185,6404.922769,622350.4269,"shrub,PG,PG","shrub","PG","PG","Bottomland",1,4
11,"Polygon",12,2,"Bottomland","Limy","Salt Flats",35299777.56,52,"LATR2,PRGL2,FLCE","LATR2","PRGL2","FLCE",47405692.14,232959.5538,10031955.11,"shrub,shrub,shrub","shrub","shrub","shrub","Bottomland",1,5
12,"Polygon",13,2,"Bottomland","Limy","Salt Flats",35299777.56,54,"LATR2,PRGL2,FLCE","LATR2","PRGL2","FLCE",25483520.6,13205.12311,1229251.158,"shrub,shrub,shrub","shrub","shrub","shrub","Bottomland",1,5
13,"Polygon",14,2,"Bottomland","Limy","Salt Flats",35299777.56,55,"LATR2,SCBR2, ","LATR2","SCBR2"," ",965816.2125,7270.631284,778511.0904,"shrub,PG","shrub","PG",NA,"Bottomland",1,4
14,"Polygon",15,2,"Bottomland","Limy","Salt Flats",35299777.56,63,"PLMU3,SCBR2, ","PLMU3","SCBR2"," ",1297601.537,1108.931437,41463.6797,"PG,PG","PG","PG",NA,"Bottomland",1,1
15,"Polygon",16,2,"Bottomland","Limy","Salt Flats",35299777.56,65,"PLMU3,SCBR2,LATR2","PLMU3","SCBR2","LATR2",202752.8872,2303.107826,202752.8872,"PG,PG,shrub","PG","PG","shrub","Bottomland",1,1
16,"Polygon",17,2,"Bottomland","Limy","Salt Flats",35299777.56,67,"PLMU3,SCBR2,PRGL2","PLMU3","SCBR2","PRGL2",1165251.326,3159.88709,327554.3064,"PG,PG,shrub","PG","PG","shrub","Bottomland",1,1
17,"Polygon",18,2,"Bottomland","Limy","Salt Flats",35299777.56,82,"PRGL2,MUPO2,LATR2","PRGL2","MUPO2","LATR2",1090007.922,11701.15985,393609.3321,"shrub,PG,shrub","shrub","PG","shrub","Bottomland",1,4
18,"Polygon",19,2,"Bottomland","Limy","Salt Flats",35299777.56,85,"PRGL2,PLMU3,MUPO2","PRGL2","PLMU3","MUPO2",147505.9077,2226.485519,143552.0978,"shrub,PG,PG","shrub","PG","PG","Bottomland",1,4
19,"Polygon",20,2,"Bottomland","Limy","Salt Flats",35299777.56,117,"PRGL2,FLCE,LATR2","PRGL2","FLCE","LATR2",1520696.644,4520.951346,66850.06467,"shrub,shrub,shrub","shrub","shrub","shrub","Bottomland",1,5
20,"Polygon",21,2,"Bottomland","Limy","Salt Flats",35299777.56,121,"PRGL2,LATR2,FLCE","PRGL2","LATR2","FLCE",2844662.926,833.935187,1997.662159,"shrub,shrub,shrub","shrub","shrub","shrub","Bottomland",1,5
21,"Polygon",22,3,"Clayey","Bottomland","Loamy",13244532.45,3,"ARPU9,SPFL2, ","ARPU9","SPFL2"," ",583649.5255,450.110276,2708.510337,"PG,PG","PG","PG",NA,"Clayey",1,1
22,"Polygon",23,3,"Clayey","Bottomland","Loamy",13244532.45,6,"Bare, , ","Bare"," "," ",672734.5624,2987.831638,525060,"Bare","Bare",NA,NA,"Clayey",1,7
23,"Polygon",24,3,"Clayey","Bottomland","Loamy",13244532.45,22,"FLCE,LATR2,PLMU3","FLCE","LATR2","PLMU3",2217269.929,1364.04139,71975.14048,"shrub,shrub,PG","shrub","shrub","PG","Clayey",1,5
24,"Polygon",25,3,"Clayey","Bottomland","Loamy",13244532.45,25,"FLCE,PLMU3, ","FLCE","PLMU3"," ",293183.9004,1326.433524,69884.3523,"shrub,PG","shrub","PG",NA,"Clayey",1,4
25,"Polygon",26,3,"Clayey","Bottomland","Loamy",13244532.45,28,"FLCE,PLMU3,SCBR2","FLCE","PLMU3","SCBR2",7147095.878,11733.79968,2840774.326,"shrub,PG,PG","shrub","PG","PG","Clayey",1,4
26,"Polygon",27,3,"Clayey","Bottomland","Loamy",13244532.45,32,"FLCE,SCBR2, ","FLCE","SCBR2"," ",97830.09883,728.121018,19676.13181,"shrub,PG","shrub","PG",NA,"Clayey",1,4
27,"Polygon",28,3,"Clayey","Bottomland","Loamy",13244532.45,33,"FLCE,SCBR2,PLMU3","FLCE","SCBR2","PLMU3",17413694.84,7808.498625,1326304.553,"shrub,PG,PG","shrub","PG","PG","Clayey",1,4
28,"Polygon",29,3,"Clayey","Bottomland","Loamy",13244532.45,35,"GUSA2,BOER4,YUEL","GUSA2","BOER4","YUEL",188418.1209,1322.703785,60268.58035,"subshrub,PG,succulent","subshrub","PG","succulent","Clayey",1,4
29,"Polygon",30,3,"Clayey","Bottomland","Loamy",13244532.45,40,"LATR2,FLCE, ","LATR2","FLCE"," ",432781.2282,841.870432,6585.130004,"shrub,shrub","shrub","shrub",NA,"Clayey",1,5
30,"Polygon",31,3,"Clayey","Bottomland","Loamy",13244532.45,42,"LATR2,FLCE,MUPO2","LATR2","FLCE","MUPO2",4064330.818,173.728212,1381.208274,"shrub,shrub,PG","shrub","shrub","PG","Clayey",1,5
31,"Polygon",32,3,"Clayey","Bottomland","Loamy",13244532.45,43,"LATR2,FLCE,PLMU3","LATR2","FLCE","PLMU3",43342492.31,1101.4144,54841.29733,"shrub,shrub,PG","shrub","shrub","PG","Clayey",1,5
32,"Polygon",33,3,"Clayey","Bottomland","Loamy",13244532.45,57,"PLMU3, , ","PLMU3"," "," ",397142.9198,4271.94225,322818.6455,"PG","PG",NA,NA,"Clayey",1,1
33,"Polygon",34,3,"Clayey","Bottomland","Loamy",13244532.45,59,"PLMU3,MUPO2,FLCE","PLMU3","MUPO2","FLCE",83113.45844,1026.419849,46079.36455,"PG,PG,shrub","PG","PG","shrub","Clayey",1,4
34,"Polygon",35,3,"Clayey","Bottomland","Loamy",13244532.45,62,"PLMU3,PRGL2,SCBR2","PLMU3","PRGL2","SCBR2",403110.3252,4577.055202,306235.455,"PG,shrub,PG","PG","shrub","PG","Clayey",1,4
35,"Polygon",36,3,"Clayey","Bottomland","Loamy",13244532.45,63,"PLMU3,SCBR2, ","PLMU3","SCBR2"," ",1297601.537,7874.724762,1004225.873,"PG,PG","PG","PG",NA,"Clayey",1,1
36,"Polygon",37,3,"Clayey","Bottomland","Loamy",13244532.45,64,"PLMU3,SCBR2,FLCE","PLMU3","SCBR2","FLCE",261641.6974,3899.927547,197717.1075,"PG,PG,shrub","PG","PG","shrub","Clayey",1,1
37,"Polygon",38,3,"Clayey","Bottomland","Loamy",13244532.45,67,"PLMU3,SCBR2,PRGL2","PLMU3","SCBR2","PRGL2",1165251.326,5495.195897,596680.9422,"PG,PG,shrub","PG","PG","shrub","Clayey",1,1
38,"Polygon",39,3,"Clayey","Bottomland","Loamy",13244532.45,69,"PLMU3,SCBR2,YUEL","PLMU3","SCBR2","YUEL",91283.96066,1419.792873,91283.96066,"PG,PG,succulent","PG","PG","succulent","Clayey",1,1
39,"Polygon",40,3,"Clayey","Bottomland","Loamy",13244532.45,83,"PRGL2,PLMU3, ","PRGL2","PLMU3"," ",2662502.849,11558.35724,2259589.95,"shrub,PG","shrub","PG",NA,"Clayey",1,4
40,"Polygon",41,3,"Clayey","Bottomland","Loamy",13244532.45,86,"PRGL2,PLMU3,SCBR2","PRGL2","PLMU3","SCBR2",7980669.164,7188.973838,589617.5591,"shrub,PG,PG","shrub","PG","PG","Clayey",1,4
41,"Polygon",42,3,"Clayey","Bottomland","Loamy",13244532.45,87,"PRGL2,PLMU3,SPAI","PRGL2","PLMU3","SPAI",2179474.814,11355.72799,745387.8781,"shrub,PG,PG","shrub","PG","PG","Clayey",1,4
42,"Polygon",43,3,"Clayey","Bottomland","Loamy",13244532.45,89,"PRGL2,SCBR2, ","PRGL2","SCBR2"," ",418134.7967,1943.401958,151694.599,"shrub,PG","shrub","PG",NA,"Clayey",1,4
43,"Polygon",44,3,"Clayey","Bottomland","Loamy",13244532.45,91,"PRGL2,SCBR2,PLMU3","PRGL2","SCBR2","PLMU3",5336197.438,1048.650648,20656.75381,"shrub,PG,PG","shrub","PG","PG","Clayey",1,4
44,"Polygon",45,3,"Clayey","Bottomland","Loamy",13244532.45,100,"PRGL2,YUEL,SPFL2","PRGL2","YUEL","SPFL2",6825353.19,1038.605512,20999.02709,"shrub,succulent,PG","shrub","succulent","PG","Clayey",1,5
45,"Polygon",46,3,"Clayey","Bottomland","Loamy",13244532.45,101,"PRGL2, , ","PRGL2"," "," ",57616084.18,4059.916344,228940.3313,"shrub","shrub",NA,NA,"Clayey",1,6
46,"Polygon",47,3,"Clayey","Bottomland","Loamy",13244532.45,113,"PRGL2,BOER4,GUSA2","PRGL2","BOER4","GUSA2",1846261.913,7318.495581,313114.0752,"shrub,PG,subshrub","shrub","PG","subshrub","Clayey",1,4
47,"Polygon",48,3,"Clayey","Bottomland","Loamy",13244532.45,118,"PRGL2,GUSA2, ","PRGL2","GUSA2"," ",29724873.71,5857.986601,298466.5165,"shrub,subshrub","shrub","subshrub",NA,"Clayey",1,6
48,"Polygon",49,3,"Clayey","Bottomland","Loamy",13244532.45,119,"PRGL2,GUSA2,YUEL","PRGL2","GUSA2","YUEL",1955386.284,1218.911748,42143.14593,"shrub,subshrub,succulent","shrub","subshrub","succulent","Clayey",1,6
49,"Polygon",50,3,"Clayey","Bottomland","Loamy",13244532.45,129,"PRGL2,YUEL,ARPU9","PRGL2","YUEL","ARPU9",410110.9343,2558.255982,334689.4665,"shrub,succulent,PG","shrub","succulent","PG","Clayey",1,6
50,"Polygon",51,3,"Clayey","Bottomland","Loamy",13244532.45,137,"PSSC6,YUEL,SPFL2","PSSC6","YUEL","SPFL2",1601384.945,324.940122,1999.102819,"shrub,succulent,PG","shrub","succulent","PG","Clayey",1,6
51,"Polygon",52,3,"Clayey","Bottomland","Loamy",13244532.45,138,"SCBR2, , ","SCBR2"," "," ",1911456.447,1303.317825,37528.89651,"PG","PG",NA,NA,"Clayey",1,2
52,"Polygon",53,3,"Clayey","Bottomland","Loamy",13244532.45,146,"SCBR2,KOSP,PRGL2","SCBR2","KOSP","PRGL2",751580.3347,2738.201554,279730.9312,"PG,shrub,shrub","PG","shrub","shrub","Clayey",1,4
53,"Polygon",54,3,"Clayey","Bottomland","Loamy",13244532.45,153,"SCBR2,PRGL2,PLMU3","SCBR2","PRGL2","PLMU3",108854.5017,898.997194,31408.06697,"PG,shrub,PG","PG","shrub","PG","Clayey",1,4
54,"Polygon",55,3,"Clayey","Bottomland","Loamy",13244532.45,158,"SPAI, , ","SPAI"," "," ",154524.0585,1519.193616,153334.2313,"PG","PG",NA,NA,"Clayey",1,1
55,"Polygon",56,4,"Deep sand"," "," ",2729747.304,54,"LATR2,PRGL2,FLCE","LATR2","PRGL2","FLCE",25483520.6,264.103969,927.008917,"shrub,shrub,shrub","shrub","shrub","shrub","Deep Sand",2,5
56,"Polygon",57,4,"Deep sand"," "," ",2729747.304,101,"PRGL2, , ","PRGL2"," "," ",57616084.18,1128.004877,10110.26645,"shrub","shrub",NA,NA,"Deep Sand",2,6
57,"Polygon",58,4,"Deep sand"," "," ",2729747.304,132,"PRGL2,ATCA2, ","PRGL2","ATCA2"," ",61344184.43,14149.63684,1895268.145,"shrub,shrub","shrub","shrub",NA,"Deep Sand",2,5
58,"Polygon",59,4,"Deep sand"," "," ",2729747.304,133,"PRGL2,GUSA2, ","PRGL2","GUSA2"," ",39354090.54,521.990602,5882.063435,"shrub,subshrub","shrub","subshrub",NA,"Deep Sand",2,6
59,"Polygon",60,5,"Deep sand","Sandy","Shallow sandy",89212440.7,1,"ARFI2,PRGL2,ARPU9","ARFI2","PRGL2","ARPU9",848488.8688,6514.815172,385875.6478,"shrub,shrub,PG","shrub","shrub","PG","Deep Sand",2,5
60,"Polygon",61,5,"Deep sand","Sandy","Shallow sandy",89212440.7,12,"DAFO,LATR2,COWA","DAFO","LATR2","COWA",189431.8893,498.776463,6883.777371,"shrub,shrub,shrub","shrub","shrub","shrub","Deep Sand",2,5
61,"Polygon",62,5,"Deep sand","Sandy","Shallow sandy",89212440.7,13,"DAFO,LATR2,PAIN2","DAFO","LATR2","PAIN2",813255.1138,7295.500206,293160.1467,"shrub,shrub,shrub","shrub","shrub","shrub","Deep Sand",2,5
62,"Polygon",63,5,"Deep sand","Sandy","Shallow sandy",89212440.7,14,"DAFO,PAIN2,LATR2","DAFO","PAIN2","LATR2",568781.1563,4831.774444,114193.8228,"shrub,shrub,shrub","shrub","shrub","shrub","Deep Sand",2,5
63,"Polygon",64,5,"Deep sand","Sandy","Shallow sandy",89212440.7,38,"LATR2, , ","LATR2"," "," ",814026.9469,11951.71135,750592.4735,"shrub","shrub",NA,NA,"Deep Sand",2,6
64,"Polygon",65,5,"Deep sand","Sandy","Shallow sandy",89212440.7,43,"LATR2,FLCE,PLMU3","LATR2","FLCE","PLMU3",43342492.31,22197.18548,660876.1824,"shrub,shrub,PG","shrub","shrub","PG","Deep Sand",2,5
65,"Polygon",66,5,"Deep sand","Sandy","Shallow sandy",89212440.7,44,"LATR2,FLCE,PRGL2","LATR2","FLCE","PRGL2",4058201.27,21708.48167,2223131.503,"shrub,shrub,shrub","shrub","shrub","shrub","Deep Sand",2,5
66,"Polygon",67,5,"Deep sand","Sandy","Shallow sandy",89212440.7,46,"LATR2,FLCE,SCBR2","LATR2","FLCE","SCBR2",977810.0217,5266.901171,612200.0633,"shrub,shrub,PG","shrub","shrub","PG","Deep Sand",2,5
67,"Polygon",68,5,"Deep sand","Sandy","Shallow sandy",89212440.7,49,"LATR2,MUPO2,PRGL2","LATR2","MUPO2","PRGL2",188565.3255,2860.615082,188565.3255,"shrub,PG,shrub","shrub","PG","shrub","Deep Sand",2,3
68,"Polygon",69,5,"Deep sand","Sandy","Shallow sandy",89212440.7,52,"LATR2,PRGL2,FLCE","LATR2","PRGL2","FLCE",47405692.14,12683.15451,1947747.058,"shrub,shrub,shrub","shrub","shrub","shrub","Deep Sand",2,5
69,"Polygon",70,5,"Deep sand","Sandy","Shallow sandy",89212440.7,53,"LATR2,PRGL2, ","LATR2","PRGL2"," ",9460687.824,32367.04669,5952961.532,"shrub,shrub","shrub","shrub",NA,"Deep Sand",2,5
70,"Polygon",71,5,"Deep sand","Sandy","Shallow sandy",89212440.7,54,"LATR2,PRGL2,FLCE","LATR2","PRGL2","FLCE",25483520.6,43776.13058,14601456.03,"shrub,shrub,shrub","shrub","shrub","shrub","Deep Sand",2,5
71,"Polygon",72,5,"Deep sand","Sandy","Shallow sandy",89212440.7,56,"LATR2,THAC,PAIN2","LATR2","THAC","PAIN2",1442818.27,6283.000618,54701.44591,"shrub,forb,shrub","shrub","forb","shrub","Deep Sand",2,5
72,"Polygon",73,5,"Deep sand","Sandy","Shallow sandy",89212440.7,101,"PRGL2, , ","PRGL2"," "," ",57616084.18,8995.647907,1178521.797,"shrub","shrub",NA,NA,"Deep Sand",2,6
73,"Polygon",74,5,"Deep sand","Sandy","Shallow sandy",89212440.7,102,"PRGL2,ARFI2,ATCA2","PRGL2","ARFI2","ATCA2",1621466.198,11513.78585,1205963.432,"shrub,shrub,shrub","shrub","shrub","shrub","Deep Sand",2,5
74,"Polygon",75,5,"Deep sand","Sandy","Shallow sandy",89212440.7,103,"PRGL2,ARFI2,QUERCUS","PRGL2","ARFI2","QUERCUS",4103591.474,28596.24335,3358987.622,"shrub,shrub,shrub","shrub","shrub","shrub","Deep Sand",2,5
75,"Polygon",76,5,"Deep sand","Sandy","Shallow sandy",89212440.7,104,"PRGL2,ARFI2,SPFL2","PRGL2","ARFI2","SPFL2",508125.8644,3604.814802,490245.412,"shrub,shrub,PG","shrub","shrub","PG","Deep Sand",2,5
76,"Polygon",77,5,"Deep sand","Sandy","Shallow sandy",89212440.7,109,"PRGL2,ATCA2,GUSA2","PRGL2","ATCA2","GUSA2",6681452.926,12629.51229,1840776.833,"shrub,shrub,subshrub","shrub","shrub","subshrub","Deep Sand",2,5
77,"Polygon",78,5,"Deep sand","Sandy","Shallow sandy",89212440.7,117,"PRGL2,FLCE,LATR2","PRGL2","FLCE","LATR2",1520696.644,8343.226451,1269164.577,"shrub,shrub,shrub","shrub","shrub","shrub","Deep Sand",2,5
78,"Polygon",79,5,"Deep sand","Sandy","Shallow sandy",89212440.7,120,"PRGL2,LATR2, ","PRGL2","LATR2"," ",1142044.095,1375.631279,97284.10315,"shrub,shrub","shrub","shrub",NA,"Deep Sand",2,5
79,"Polygon",80,5,"Deep sand","Sandy","Shallow sandy",89212440.7,121,"PRGL2,LATR2,FLCE","PRGL2","LATR2","FLCE",2844662.926,1913.873776,166554.2575,"shrub,shrub,shrub","shrub","shrub","shrub","Deep Sand",2,5
80,"Polygon",81,5,"Deep sand","Sandy","Shallow sandy",89212440.7,122,"PRGL2,LATR2,MIACB","PRGL2","LATR2","MIACB",835431.4023,4253.315207,835431.4023,"shrub,shrub,shrub","shrub","shrub","shrub","Deep Sand",2,5
81,"Polygon",82,5,"Deep sand","Sandy","Shallow sandy",89212440.7,131,"PRGL2, , ","PRGL2"," "," ",455271.0698,2265.060678,226523.7078,"shrub","shrub",NA,NA,"Deep Sand",2,6
82,"Polygon",83,5,"Deep sand","Sandy","Shallow sandy",89212440.7,132,"PRGL2,ATCA2, ","PRGL2","ATCA2"," ",61344184.43,63359.46441,42491719.78,"shrub,shrub","shrub","shrub",NA,"Deep Sand",2,5
83,"Polygon",84,5,"Deep sand","Sandy","Shallow sandy",89212440.7,133,"PRGL2,GUSA2, ","PRGL2","GUSA2"," ",39354090.54,8023.206933,2748821.866,"shrub,subshrub","shrub","subshrub",NA,"Deep Sand",2,5
84,"Polygon",85,6,"Deep sand","Shallow sandy"," ",27251884.96,36,"GUSA2,PRGL2,YUEL","GUSA2","PRGL2","YUEL",40364.32574,787.41562,39905.9693,"subshrub,shrub,succulent","subshrub","shrub","succulent","Deep Sand",2,5
85,"Polygon",86,6,"Deep sand","Shallow sandy"," ",27251884.96,80,"PRGL2,GUSA2, ","PRGL2","GUSA2"," ",254274.3534,1570.038827,65258.89878,"shrub,subshrub","shrub","subshrub",NA,"Deep Sand",2,5
86,"Polygon",87,6,"Deep sand","Shallow sandy"," ",27251884.96,101,"PRGL2, , ","PRGL2"," "," ",57616084.18,31733.99069,9784264.966,"shrub","shrub",NA,NA,"Deep Sand",2,6
87,"Polygon",88,6,"Deep sand","Shallow sandy"," ",27251884.96,105,"PRGL2,ARPU9, ","PRGL2","ARPU9"," ",7035118.013,8018.060493,3415992.652,"shrub,PG","shrub","PG",NA,"Deep Sand",2,3
88,"Polygon",89,6,"Deep sand","Shallow sandy"," ",27251884.96,112,"PRGL2,ATCA2,YUEL","PRGL2","ATCA2","YUEL",938874.3449,3304.255842,426152.976,"shrub,shrub,succulent","shrub","shrub","succulent","Deep Sand",2,5
89,"Polygon",90,6,"Deep sand","Shallow sandy"," ",27251884.96,118,"PRGL2,GUSA2, ","PRGL2","GUSA2"," ",29724873.71,23142.2719,6982646.66,"shrub,subshrub","shrub","subshrub",NA,"Deep Sand",2,6
90,"Polygon",91,6,"Deep sand","Shallow sandy"," ",27251884.96,130,"PRGL2,YUEL,GUSA2","PRGL2","YUEL","GUSA2",12676395.23,21712.28685,6435035.888,"shrub,succulent,subshrub","shrub","succulent","subshrub","Deep Sand",2,5
91,"Polygon",92,6,"Deep sand","Shallow sandy"," ",27251884.96,165,"YUEL,PRGL2, ","YUEL","PRGL2"," ",414716.4026,4133.139313,70369.80855,"succulent,shrub","succulent","shrub",NA,"Deep Sand",2,5
92,"Polygon",93,7,"Deep sand","Shallow sandy","Deep sand",16796.14723,80,"PRGL2,GUSA2, ","PRGL2","GUSA2"," ",254274.3534,776.241592,16796.14723,"shrub,subshrub","shrub","subshrub",NA,"Deep Sand",2,6
93,"Polygon",94,8,"Deep sand","Shallow sandy","Shallow sandy",490190.8801,36,"GUSA2,PRGL2,YUEL","GUSA2","PRGL2","YUEL",40364.32574,306.085307,458.356769,"subshrub,shrub,succulent","subshrub","shrub","succulent","Deep Sand",2,5
94,"Polygon",95,8,"Deep sand","Shallow sandy","Shallow sandy",490190.8801,80,"PRGL2,GUSA2, ","PRGL2","GUSA2"," ",254274.3534,670.484435,7821.979367,"shrub,subshrub","shrub","subshrub",NA,"Deep Sand",2,5
95,"Polygon",96,8,"Deep sand","Shallow sandy","Shallow sandy",490190.8801,118,"PRGL2,GUSA2, ","PRGL2","GUSA2"," ",29724873.71,1328.732145,39800.78582,"shrub,subshrub","shrub","subshrub",NA,"Deep Sand",2,5
96,"Polygon",97,8,"Deep sand","Shallow sandy","Shallow sandy",490190.8801,130,"PRGL2,YUEL,GUSA2","PRGL2","YUEL","GUSA2",12676395.23,6314.786064,155163.0849,"shrub,succulent,subshrub","shrub","succulent","subshrub","Deep Sand",2,5
97,"Polygon",98,8,"Deep sand","Shallow sandy","Shallow sandy",490190.8801,165,"YUEL,PRGL2, ","YUEL","PRGL2"," ",414716.4026,4929.389762,286946.6731,"succulent,shrub","succulent","shrub",NA,"Deep Sand",2,5
98,"Polygon",99,10,"Draw","No ecosite"," ",5763852.348,1,"ARFI2,PRGL2,ARPU9","ARFI2","PRGL2","ARPU9",848488.8688,1650.555481,44190.9707,"shrub,shrub,PG","shrub","shrub","PG","Draw",1,5
99,"Polygon",100,10,"Draw","No ecosite"," ",5763852.348,14,"DAFO,PAIN2,LATR2","DAFO","PAIN2","LATR2",568781.1563,238.705104,1252.793263,"shrub,shrub,shrub","shrub","shrub","shrub","Draw",1,5
100,"Polygon",101,10,"Draw","No ecosite"," ",5763852.348,38,"LATR2, , ","LATR2"," "," ",814026.9469,632.024659,8373.363512,"shrub","shrub",NA,NA,"Draw",1,6
101,"Polygon",102,10,"Draw","No ecosite"," ",5763852.348,43,"LATR2,FLCE,PLMU3","LATR2","FLCE","PLMU3",43342492.31,448.686702,7516.370058,"shrub,shrub,PG","shrub","shrub","PG","Draw",1,5
102,"Polygon",103,10,"Draw","No ecosite"," ",5763852.348,44,"LATR2,FLCE,PRGL2","LATR2","FLCE","PRGL2",4058201.27,314.702739,4395.212262,"shrub,shrub,shrub","shrub","shrub","shrub","Draw",1,5
103,"Polygon",104,10,"Draw","No ecosite"," ",5763852.348,48,"LATR2,MUPO2,PRGL2","LATR2","MUPO2","PRGL2",1829154.863,2493.316608,20758.46063,"shrub,PG,shrub","shrub","PG","shrub","Draw",1,4
104,"Polygon",105,10,"Draw","No ecosite"," ",5763852.348,52,"LATR2,PRGL2,FLCE","LATR2","PRGL2","FLCE",47405692.14,7764.325476,266937.5624,"shrub,shrub,shrub","shrub","shrub","shrub","Draw",1,5
105,"Polygon",106,10,"Draw","No ecosite"," ",5763852.348,53,"LATR2,PRGL2, ","LATR2","PRGL2"," ",9460687.824,17968.10874,891419.0033,"shrub,shrub","shrub","shrub",NA,"Draw",1,6
106,"Polygon",107,10,"Draw","No ecosite"," ",5763852.348,54,"LATR2,PRGL2,FLCE","LATR2","PRGL2","FLCE",25483520.6,1907.33667,42493.34576,"shrub,shrub,shrub","shrub","shrub","shrub","Draw",1,5
107,"Polygon",108,10,"Draw","No ecosite"," ",5763852.348,56,"LATR2,THAC,PAIN2","LATR2","THAC","PAIN2",1442818.27,325.934843,897.638267,"shrub,forb,shrub","shrub","forb","shrub","Draw",1,5
108,"Polygon",109,10,"Draw","No ecosite"," ",5763852.348,101,"PRGL2, , ","PRGL2"," "," ",57616084.18,606.551328,5690.666257,"shrub","shrub",NA,NA,"Draw",1,6
109,"Polygon",110,10,"Draw","No ecosite"," ",5763852.348,102,"PRGL2,ARFI2,ATCA2","PRGL2","ARFI2","ATCA2",1621466.198,2233.232817,74463.34966,"shrub,shrub,shrub","shrub","shrub","shrub","Draw",1,5
110,"Polygon",111,10,"Draw","No ecosite"," ",5763852.348,103,"PRGL2,ARFI2,QUERCUS","PRGL2","ARFI2","QUERCUS",4103591.474,8355.736883,272860.5063,"shrub,shrub,shrub","shrub","shrub","shrub","Draw",1,5
111,"Polygon",112,10,"Draw","No ecosite"," ",5763852.348,109,"PRGL2,ATCA2,GUSA2","PRGL2","ATCA2","GUSA2",6681452.926,2478.619348,123489.4675,"shrub,shrub,subshrub","shrub","shrub","subshrub","Draw",1,5
112,"Polygon",113,10,"Draw","No ecosite"," ",5763852.348,132,"PRGL2,ATCA2, ","PRGL2","ATCA2"," ",61344184.43,15212.70745,993327.1378,"shrub,shrub","shrub","shrub",NA,"Draw",1,5
113,"Polygon",114,10,"Draw","No ecosite"," ",5763852.348,133,"PRGL2,GUSA2, ","PRGL2","GUSA2"," ",39354090.54,245.717339,1425.665243,"shrub,subshrub","shrub","subshrub",NA,"Draw",1,5
114,"Polygon",115,11,"Draw","Shallow sandy"," ",151870.5168,52,"LATR2,PRGL2,FLCE","LATR2","PRGL2","FLCE",47405692.14,5489.134445,150207.805,"shrub,shrub,shrub","shrub","shrub","shrub","Draw",1,5
115,"Polygon",116,12,"Gravelly"," "," ",13255713.34,54,"LATR2,PRGL2,FLCE","LATR2","PRGL2","FLCE",25483520.6,1329.537279,16340.01953,"shrub,shrub,shrub","shrub","shrub","shrub","Gravelly",2,5
116,"Polygon",117,12,"Gravelly"," "," ",13255713.34,56,"LATR2,THAC,PAIN2","LATR2","THAC","PAIN2",1442818.27,9967.134741,1119884.251,"shrub,forb,shrub","shrub","forb","shrub","Gravelly",2,5
117,"Polygon",118,12,"Gravelly"," "," ",13255713.34,102,"PRGL2,ARFI2,ATCA2","PRGL2","ARFI2","ATCA2",1621466.198,1400.858766,8611.810302,"shrub,shrub,shrub","shrub","shrub","shrub","Gravelly",2,5
118,"Polygon",119,12,"Gravelly"," "," ",13255713.34,103,"PRGL2,ARFI2,QUERCUS","PRGL2","ARFI2","QUERCUS",4103591.474,8121.445284,116492.4041,"shrub,shrub,shrub","shrub","shrub","shrub","Gravelly",2,5
119,"Polygon",120,13,"Gravelly","Loamy"," ",25616949.89,22,"FLCE,LATR2,PLMU3","FLCE","LATR2","PLMU3",2217269.929,3856.705936,17460.47539,"shrub,shrub,PG","shrub","shrub","PG","Gravelly",2,5
120,"Polygon",121,13,"Gravelly","Loamy"," ",25616949.89,23,"FLCE,LATR2,PRGL2","FLCE","LATR2","PRGL2",106827.5527,2140.066443,24319.46763,"shrub,shrub,shrub","shrub","shrub","shrub","Gravelly",2,5
121,"Polygon",122,13,"Gravelly","Loamy"," ",25616949.89,27,"FLCE,PLMU3,PRGL2","FLCE","PLMU3","PRGL2",1053634.346,779.206181,11000.72103,"shrub,PG,shrub","shrub","PG","shrub","Gravelly",2,3
122,"Polygon",123,13,"Gravelly","Loamy"," ",25616949.89,39,"LATR2,COWA,MUPO2","LATR2","COWA","MUPO2",51968.02194,934.258164,51968.02194,"shrub,shrub,PG","shrub","shrub","PG","Gravelly",2,5
123,"Polygon",124,13,"Gravelly","Loamy"," ",25616949.89,43,"LATR2,FLCE,PLMU3","LATR2","FLCE","PLMU3",43342492.31,8058.4053,114720.8215,"shrub,shrub,PG","shrub","shrub","PG","Gravelly",2,5
124,"Polygon",125,13,"Gravelly","Loamy"," ",25616949.89,48,"LATR2,MUPO2,PRGL2","LATR2","MUPO2","PRGL2",1829154.863,7450.053177,1555559.889,"shrub,PG,shrub","shrub","PG","shrub","Gravelly",2,3
125,"Polygon",126,13,"Gravelly","Loamy"," ",25616949.89,50,"LATR2,PLMU3,SCBR2","LATR2","PLMU3","SCBR2",629345.0185,1453.286734,6994.592117,"shrub,PG,PG","shrub","PG","PG","Gravelly",2,3
126,"Polygon",127,13,"Gravelly","Loamy"," ",25616949.89,51,"LATR2,PRGL2,COWA","LATR2","PRGL2","COWA",23182.94504,1111.778534,23182.94504,"shrub,shrub,shrub","shrub","shrub","shrub","Gravelly",2,5
127,"Polygon",128,13,"Gravelly","Loamy"," ",25616949.89,52,"LATR2,PRGL2,FLCE","LATR2","PRGL2","FLCE",47405692.14,63037.0858,10991577.5,"shrub,shrub,shrub","shrub","shrub","shrub","Gravelly",2,5
128,"Polygon",129,13,"Gravelly","Loamy"," ",25616949.89,55,"LATR2,SCBR2, ","LATR2","SCBR2"," ",965816.2125,1464.523314,119244.8327,"shrub,PG","shrub","PG",NA,"Gravelly",2,3
129,"Polygon",130,13,"Gravelly","Loamy"," ",25616949.89,67,"PLMU3,SCBR2,PRGL2","PLMU3","SCBR2","PRGL2",1165251.326,3127.246209,92300.38117,"PG,PG,shrub","PG","PG","shrub","Gravelly",2,3
130,"Polygon",131,14,"Gravelly","No ecosite"," ",3691543.348,43,"LATR2,FLCE,PLMU3","LATR2","FLCE","PLMU3",43342492.31,1582.623099,6575.297556,"shrub,shrub,PG","shrub","shrub","PG","Gravelly",2,5
131,"Polygon",132,14,"Gravelly","No ecosite"," ",3691543.348,52,"LATR2,PRGL2,FLCE","LATR2","PRGL2","FLCE",47405692.14,2460.122103,109905.0338,"shrub,shrub,shrub","shrub","shrub","shrub","Gravelly",2,5
132,"Polygon",133,15,"Gravelly","Shallow sandy"," ",145211.3922,42,"LATR2,FLCE,MUPO2","LATR2","FLCE","MUPO2",4064330.818,6007.056021,80146.30865,"shrub,shrub,PG","shrub","shrub","PG","Gravelly",2,5
133,"Polygon",134,15,"Gravelly","Shallow sandy"," ",145211.3922,43,"LATR2,FLCE,PLMU3","LATR2","FLCE","PLMU3",43342492.31,701.271577,8670.769295,"shrub,shrub,PG","shrub","shrub","PG","Gravelly",2,5
134,"Polygon",135,16,"Gravelly","Shallow sandy"," ",10817908.26,21,"FLCE,LATR2,LYBE","FLCE","LATR2","LYBE",606360.9239,305.402898,4911.035926,"shrub,shrub,shrub","shrub","shrub","shrub","Gravelly",2,5
135,"Polygon",136,16,"Gravelly","Shallow sandy"," ",10817908.26,22,"FLCE,LATR2,PLMU3","FLCE","LATR2","PLMU3",2217269.929,2841.189248,49837.54962,"shrub,shrub,PG","shrub","shrub","PG","Gravelly",2,5
136,"Polygon",137,16,"Gravelly","Shallow sandy"," ",10817908.26,42,"LATR2,FLCE,MUPO2","LATR2","FLCE","MUPO2",4064330.818,13918.27448,3345747.775,"shrub,shrub,PG","shrub","shrub","PG","Gravelly",2,5
137,"Polygon",138,16,"Gravelly","Shallow sandy"," ",10817908.26,43,"LATR2,FLCE,PLMU3","LATR2","FLCE","PLMU3",43342492.31,1210.689207,18193.75899,"shrub,shrub,PG","shrub","shrub","PG","Gravelly",2,5
138,"Polygon",139,16,"Gravelly","Shallow sandy"," ",10817908.26,44,"LATR2,FLCE,PRGL2","LATR2","FLCE","PRGL2",4058201.27,5140.812597,1367637.968,"shrub,shrub,shrub","shrub","shrub","shrub","Gravelly",2,5
139,"Polygon",140,16,"Gravelly","Shallow sandy"," ",10817908.26,52,"LATR2,PRGL2,FLCE","LATR2","PRGL2","FLCE",47405692.14,18357.23242,1877187.726,"shrub,shrub,shrub","shrub","shrub","shrub","Gravelly",2,5
140,"Polygon",141,16,"Gravelly","Shallow sandy"," ",10817908.26,60,"PLMU3,MUPO2,LATR2","PLMU3","MUPO2","LATR2",427479.9829,2005.51579,227114.4775,"PG,PG,shrub","PG","PG","shrub","Gravelly",2,3
141,"Polygon",142,18,"Limestone hills","No ecosite"," ",125520706.8,1,"ARFI2,PRGL2,ARPU9","ARFI2","PRGL2","ARPU9",848488.8688,4494.769729,418422.2513,"shrub,shrub,PG","shrub","shrub","PG","Limestone Hills",2,5
142,"Polygon",143,18,"Limestone hills","No ecosite"," ",125520706.8,12,"DAFO,LATR2,COWA","DAFO","LATR2","COWA",189431.8893,2000.492678,180728.261,"shrub,shrub,shrub","shrub","shrub","shrub","Limestone Hills",2,5
143,"Polygon",144,18,"Limestone hills","No ecosite"," ",125520706.8,13,"DAFO,LATR2,PAIN2","DAFO","LATR2","PAIN2",813255.1138,4395.021766,520094.9674,"shrub,shrub,shrub","shrub","shrub","shrub","Limestone Hills",2,5
144,"Polygon",145,18,"Limestone hills","No ecosite"," ",125520706.8,14,"DAFO,PAIN2,LATR2","DAFO","PAIN2","LATR2",568781.1563,3967.982981,453334.5552,"shrub,shrub,shrub","shrub","shrub","shrub","Limestone Hills",2,5
145,"Polygon",146,18,"Limestone hills","No ecosite"," ",125520706.8,38,"LATR2, , ","LATR2"," "," ",814026.9469,211.732748,271.702815,"shrub","shrub",NA,NA,"Limestone Hills",2,6
146,"Polygon",147,18,"Limestone hills","No ecosite"," ",125520706.8,44,"LATR2,FLCE,PRGL2","LATR2","FLCE","PRGL2",4058201.27,403.564671,2069.074231,"shrub,shrub,shrub","shrub","shrub","shrub","Limestone Hills",2,5
147,"Polygon",148,18,"Limestone hills","No ecosite"," ",125520706.8,52,"LATR2,PRGL2,FLCE","LATR2","PRGL2","FLCE",47405692.14,2301.599862,121248.096,"shrub,shrub,shrub","shrub","shrub","shrub","Limestone Hills",2,5
148,"Polygon",149,18,"Limestone hills","No ecosite"," ",125520706.8,54,"LATR2,PRGL2,FLCE","LATR2","PRGL2","FLCE",25483520.6,2044.896453,16764.36834,"shrub,shrub,shrub","shrub","shrub","shrub","Limestone Hills",2,5
149,"Polygon",150,18,"Limestone hills","No ecosite"," ",125520706.8,56,"LATR2,THAC,PAIN2","LATR2","THAC","PAIN2",1442818.27,4348.142386,267334.9481,"shrub,forb,shrub","shrub","forb","shrub","Limestone Hills",2,5
150,"Polygon",151,18,"Limestone hills","No ecosite"," ",125520706.8,102,"PRGL2,ARFI2,ATCA2","PRGL2","ARFI2","ATCA2",1621466.198,6203.439781,332427.6076,"shrub,shrub,shrub","shrub","shrub","shrub","Limestone Hills",2,5
151,"Polygon",152,18,"Limestone hills","No ecosite"," ",125520706.8,103,"PRGL2,ARFI2,QUERCUS","PRGL2","ARFI2","QUERCUS",4103591.474,13789.88703,355250.9301,"shrub,shrub,shrub","shrub","shrub","shrub","Limestone Hills",2,5
152,"Polygon",153,18,"Limestone hills","No ecosite"," ",125520706.8,104,"PRGL2,ARFI2,SPFL2","PRGL2","ARFI2","SPFL2",508125.8644,880.478173,17880.45046,"shrub,shrub,PG","shrub","shrub","PG","Limestone Hills",2,5
153,"Polygon",154,18,"Limestone hills","No ecosite"," ",125520706.8,109,"PRGL2,ATCA2,GUSA2","PRGL2","ATCA2","GUSA2",6681452.926,380.935968,2501.574452,"shrub,shrub,subshrub","shrub","shrub","subshrub","Limestone Hills",2,5
154,"Polygon",155,18,"Limestone hills","No ecosite"," ",125520706.8,131,"PRGL2, , ","PRGL2"," "," ",455271.0698,79.544661,251.822249,"shrub","shrub",NA,NA,"Limestone Hills",2,6
155,"Polygon",156,18,"Limestone hills","No ecosite"," ",125520706.8,132,"PRGL2,ATCA2, ","PRGL2","ATCA2"," ",61344184.43,8697.175842,271735.6456,"shrub,shrub","shrub","shrub",NA,"Limestone Hills",2,5
156,"Polygon",157,19,"Loamy"," "," ",15362815.09,22,"FLCE,LATR2,PLMU3","FLCE","LATR2","PLMU3",2217269.929,3209.182513,19966.37857,"shrub,shrub,PG","shrub","shrub","PG","Loamy",1,5
157,"Polygon",158,19,"Loamy"," "," ",15362815.09,43,"LATR2,FLCE,PLMU3","LATR2","FLCE","PLMU3",43342492.31,47335.75442,1050929.871,"shrub,shrub,PG","shrub","shrub","PG","Loamy",1,5
158,"Polygon",159,19,"Loamy"," "," ",15362815.09,47,"LATR2,GUSA2,ERLE","LATR2","GUSA2","ERLE",1222034.019,5494.819196,1173467.019,"shrub,subshrub,Inv","shrub","subshrub","Inv","Loamy",1,6
159,"Polygon",160,19,"Loamy"," "," ",15362815.09,48,"LATR2,MUPO2,PRGL2","LATR2","MUPO2","PRGL2",1829154.863,2555.184444,197718.3201,"shrub,PG,shrub","shrub","PG","shrub","Loamy",1,4
160,"Polygon",161,19,"Loamy"," "," ",15362815.09,52,"LATR2,PRGL2,FLCE","LATR2","PRGL2","FLCE",47405692.14,139807.7749,12085205.68,"shrub,shrub,shrub","shrub","shrub","shrub","Loamy",1,5
161,"Polygon",162,19,"Loamy"," "," ",15362815.09,55,"LATR2,SCBR2, ","LATR2","SCBR2"," ",965816.2125,3280.492305,60116.43385,"shrub,PG","shrub","PG",NA,"Loamy",1,4
162,"Polygon",163,19,"Loamy"," "," ",15362815.09,82,"PRGL2,MUPO2,LATR2","PRGL2","MUPO2","LATR2",1090007.922,12012.2615,696398.5803,"shrub,PG,shrub","shrub","PG","shrub","Loamy",1,4
163,"Polygon",164,19,"Loamy"," "," ",15362815.09,85,"PRGL2,PLMU3,MUPO2","PRGL2","PLMU3","MUPO2",147505.9077,464.969853,3953.809895,"shrub,PG,PG","shrub","PG","PG","Loamy",1,4
164,"Polygon",165,22,"Sandy"," "," ",326489.6776,73,"PRGL2,ARPU9,GUSA2","PRGL2","ARPU9","GUSA2",1581777.474,542.779167,10335.10968,"shrub,PG,subshrub","shrub","PG","subshrub","Sandy",1,4
165,"Polygon",166,22,"Sandy"," "," ",326489.6776,87,"PRGL2,PLMU3,SPAI","PRGL2","PLMU3","SPAI",2179474.814,1385.024267,10696.35929,"shrub,PG,PG","shrub","PG","PG","Sandy",1,4
166,"Polygon",167,22,"Sandy"," "," ",326489.6776,95,"PRGL2,YUEL,ARPU9","PRGL2","YUEL","ARPU9",3571571.024,1690.470062,31620.99639,"shrub,succulent,PG","shrub","succulent","PG","Sandy",1,5
167,"Polygon",168,22,"Sandy"," "," ",326489.6776,105,"PRGL2,ARPU9, ","PRGL2","ARPU9"," ",7035118.013,4364.059469,273837.2129,"shrub,PG","shrub","PG",NA,"Sandy",1,4
168,"Polygon",169,23,"Sandy"," "," ",3315708.291,43,"LATR2,FLCE,PLMU3","LATR2","FLCE","PLMU3",43342492.31,5158.757755,58630.58422,"shrub,shrub,PG","shrub","shrub","PG","Sandy",1,5
169,"Polygon",170,23,"Sandy"," "," ",3315708.291,52,"LATR2,PRGL2,FLCE","LATR2","PRGL2","FLCE",47405692.14,16408.54586,2714807.885,"shrub,shrub,shrub","shrub","shrub","shrub","Sandy",1,5
170,"Polygon",171,23,"Sandy"," "," ",3315708.291,54,"LATR2,PRGL2,FLCE","LATR2","PRGL2","FLCE",25483520.6,6924.586133,534325.9705,"shrub,shrub,shrub","shrub","shrub","shrub","Sandy",1,5
171,"Polygon",172,23,"Sandy"," "," ",3315708.291,55,"LATR2,SCBR2, ","LATR2","SCBR2"," ",965816.2125,761.518509,7943.853298,"shrub,PG","shrub","PG",NA,"Sandy",1,4
172,"Polygon",173,24,"Sandy","Deep sand"," ",151764991,3,"ARPU9,SPFL2, ","ARPU9","SPFL2"," ",583649.5255,4691.127892,450386.0159,"PG,PG","PG","PG",NA,"Sandy",1,2
173,"Polygon",174,24,"Sandy","Deep sand"," ",151764991,4,"ATCA2,FLCE,PRGL2","ATCA2","FLCE","PRGL2",104277.7595,2994.311424,104277.7595,"shrub,shrub,shrub","shrub","shrub","shrub","Sandy",1,5
174,"Polygon",175,24,"Sandy","Deep sand"," ",151764991,8,"BOER4,ARPU9,YUEL","BOER4","ARPU9","YUEL",1697371.497,3044.918739,420330.3783,"PG,PG,succulent","PG","PG","succulent","Sandy",1,1
175,"Polygon",176,24,"Sandy","Deep sand"," ",151764991,10,"BOER4,SCBR2,YUEL","BOER4","SCBR2","YUEL",206364.1524,47.148455,59.990034,"PG,PG,succulent","PG","PG","succulent","Sandy",1,1
176,"Polygon",177,24,"Sandy","Deep sand"," ",151764991,11,"BOER4,SPFL2,PRGL2","BOER4","SPFL2","PRGL2",3191301.946,6172.386776,748223.5229,"PG,PG,shrub","PG","PG","shrub","Sandy",1,1
177,"Polygon",178,24,"Sandy","Deep sand"," ",151764991,15,"EPHEDRA,PRGL2,YUEL","EPHEDRA","PRGL2","YUEL",56496.87696,1025.196005,56496.87696,"succulent,shrub,succulent","succulent","shrub","succulent","Sandy",1,5
178,"Polygon",179,24,"Sandy","Deep sand"," ",151764991,17,"EPHEDRA,PRGL2,YUEL","EPHEDRA","PRGL2","YUEL",116963.9621,1241.856715,94928.07806,"succulent,shrub,succulent","succulent","shrub","succulent","Sandy",1,5
179,"Polygon",180,24,"Sandy","Deep sand"," ",151764991,18,"ERLE,SPFL2,YUEL","ERLE","SPFL2","YUEL",417972.6868,3398.813395,417972.6868,"Inv,PG,succulent","Inv","PG","succulent","Sandy",1,9
180,"Polygon",181,24,"Sandy","Deep sand"," ",151764991,28,"FLCE,PLMU3,SCBR2","FLCE","PLMU3","SCBR2",7147095.878,3343.029663,300772.0141,"shrub,PG,PG","shrub","PG","PG","Sandy",1,4
181,"Polygon",182,24,"Sandy","Deep sand"," ",151764991,33,"FLCE,SCBR2,PLMU3","FLCE","SCBR2","PLMU3",17413694.84,3787.244356,133972.4367,"shrub,PG,PG","shrub","PG","PG","Sandy",1,4
182,"Polygon",183,24,"Sandy","Deep sand"," ",151764991,34,"FLCE,SPAI,SCBR2","FLCE","SPAI","SCBR2",2576110.634,3649.963803,296618.4396,"shrub,PG,PG","shrub","PG","PG","Sandy",1,4
183,"Polygon",184,24,"Sandy","Deep sand"," ",151764991,35,"GUSA2,BOER4,YUEL","GUSA2","BOER4","YUEL",188418.1209,1451.411924,128149.5404,"subshrub,PG,succulent","subshrub","PG","succulent","Sandy",1,4
184,"Polygon",185,24,"Sandy","Deep sand"," ",151764991,37,"GUSA2,SPFL2,PRGL2","GUSA2","SPFL2","PRGL2",107411.9576,2041.457358,107411.9576,"subshrub,PG,shrub","subshrub","PG","shrub","Sandy",1,4
185,"Polygon",186,24,"Sandy","Deep sand"," ",151764991,45,"LATR2,FLCE,PRGL2","LATR2","FLCE","PRGL2",2099690.965,8653.491344,1124125.01,"shrub,shrub,shrub","shrub","shrub","shrub","Sandy",1,5
186,"Polygon",187,24,"Sandy","Deep sand"," ",151764991,53,"LATR2,PRGL2, ","LATR2","PRGL2"," ",9460687.824,11043.09704,2616306.616,"shrub,shrub","shrub","shrub",NA,"Sandy",1,5
187,"Polygon",188,24,"Sandy","Deep sand"," ",151764991,54,"LATR2,PRGL2,FLCE","LATR2","PRGL2","FLCE",25483520.6,21739.68319,4741239.118,"shrub,shrub,shrub","shrub","shrub","shrub","Sandy",1,5
188,"Polygon",189,24,"Sandy","Deep sand"," ",151764991,57,"PLMU3, , ","PLMU3"," "," ",397142.9198,1683.890685,51441.7736,"PG","PG",NA,NA,"Sandy",1,2
189,"Polygon",190,24,"Sandy","Deep sand"," ",151764991,58,"PLMU3,FLCE,SCBR2","PLMU3","FLCE","SCBR2",1163875.112,7015.442973,238970.6969,"PG,shrub,PG","PG","shrub","PG","Sandy",1,4
190,"Polygon",191,24,"Sandy","Deep sand"," ",151764991,59,"PLMU3,MUPO2,FLCE","PLMU3","MUPO2","FLCE",83113.45844,1053.868324,37034.09319,"PG,PG,shrub","PG","PG","shrub","Sandy",1,2
191,"Polygon",192,24,"Sandy","Deep sand"," ",151764991,61,"PLMU3,PRGL2, ","PLMU3","PRGL2"," ",189954.2659,3064.463456,189954.2659,"PG,shrub","PG","shrub",NA,"Sandy",1,4
192,"Polygon",193,24,"Sandy","Deep sand"," ",151764991,63,"PLMU3,SCBR2, ","PLMU3","SCBR2"," ",1297601.537,1693.797431,71881.19571,"PG,PG","PG","PG",NA,"Sandy",1,2
193,"Polygon",194,24,"Sandy","Deep sand"," ",151764991,64,"PLMU3,SCBR2,FLCE","PLMU3","SCBR2","FLCE",261641.6974,1987.096681,61231.30728,"PG,PG,shrub","PG","PG","shrub","Sandy",1,2
194,"Polygon",195,24,"Sandy","Deep sand"," ",151764991,67,"PLMU3,SCBR2,PRGL2","PLMU3","SCBR2","PRGL2",1165251.326,1966.746387,97144.84871,"PG,PG,shrub","PG","PG","shrub","Sandy",1,4
195,"Polygon",196,24,"Sandy","Deep sand"," ",151764991,74,"PRGL2,ARPU9,YUEL","PRGL2","ARPU9","YUEL",20480.73824,733.180109,15752.34292,"shrub,PG,succulent","shrub","PG","succulent","Sandy",1,4
196,"Polygon",197,24,"Sandy","Deep sand"," ",151764991,75,"PRGL2,BOER4, ","PRGL2","BOER4"," ",2136391.017,4825.429293,1168069.235,"shrub,PG","shrub","PG",NA,"Sandy",1,4
197,"Polygon",198,24,"Sandy","Deep sand"," ",151764991,77,"PRGL2,BOER4,SPFL2","PRGL2","BOER4","SPFL2",3243984.413,4527.635195,393878.7561,"shrub,PG,PG","shrub","PG","PG","Sandy",1,4
198,"Polygon",199,24,"Sandy","Deep sand"," ",151764991,79,"PRGL2,FLCE,PLMU3","PRGL2","FLCE","PLMU3",3200987.036,4052.862491,216854.8331,"shrub,shrub,PG","shrub","shrub","PG","Sandy",1,5
199,"Polygon",200,24,"Sandy","Deep sand"," ",151764991,81,"PRGL2,LATR2,FLCE","PRGL2","LATR2","FLCE",500214.3077,1783.381991,64138.23589,"shrub,shrub,shrub","shrub","shrub","shrub","Sandy",1,5
200,"Polygon",201,24,"Sandy","Deep sand"," ",151764991,83,"PRGL2,PLMU3, ","PRGL2","PLMU3"," ",2662502.849,10797.31051,383204.7402,"shrub,PG","shrub","PG",NA,"Sandy",1,4
201,"Polygon",202,24,"Sandy","Deep sand"," ",151764991,86,"PRGL2,PLMU3,SCBR2","PRGL2","PLMU3","SCBR2",7980669.164,5676.334085,547167.137,"shrub,PG,PG","shrub","PG","PG","Sandy",1,4
202,"Polygon",203,24,"Sandy","Deep sand"," ",151764991,87,"PRGL2,PLMU3,SPAI","PRGL2","PLMU3","SPAI",2179474.814,6470.849315,609627.4931,"shrub,PG,PG","shrub","PG","PG","Sandy",1,4
203,"Polygon",204,24,"Sandy","Deep sand"," ",151764991,89,"PRGL2,SCBR2, ","PRGL2","SCBR2"," ",418134.7967,2980.573506,224223.2238,"shrub,PG","shrub","PG",NA,"Sandy",1,4
204,"Polygon",205,24,"Sandy","Deep sand"," ",151764991,91,"PRGL2,SCBR2,PLMU3","PRGL2","SCBR2","PLMU3",5336197.438,388.879021,6438.97489,"shrub,PG,PG","shrub","PG","PG","Sandy",1,4
205,"Polygon",206,24,"Sandy","Deep sand"," ",151764991,92,"PRGL2,SPFL2, ","PRGL2","SPFL2"," ",103282.5354,1379.075857,103282.5354,"shrub,PG","shrub","PG",NA,"Sandy",1,4
206,"Polygon",207,24,"Sandy","Deep sand"," ",151764991,93,"PRGL2,SPFL2,GUSA2","PRGL2","SPFL2","GUSA2",21268255.85,30433.6697,9762939.425,"shrub,PG,subshrub","shrub","PG","subshrub","Sandy",1,4
207,"Polygon",208,24,"Sandy","Deep sand"," ",151764991,94,"PRGL2,SPFL2,YUEL","PRGL2","SPFL2","YUEL",10553949.99,5083.873252,378232.4175,"shrub,PG,succulent","shrub","PG","succulent","Sandy",1,4
208,"Polygon",209,24,"Sandy","Deep sand"," ",151764991,97,"PRGL2,YUEL,ERLE","PRGL2","YUEL","ERLE",54684.60865,890.725364,54684.60865,"shrub,succulent,Inv","shrub","succulent","Inv","Sandy",1,5
209,"Polygon",210,24,"Sandy","Deep sand"," ",151764991,98,"PRGL2,YUEL,FLCE","PRGL2","YUEL","FLCE",1557292.909,2884.81581,374513.0506,"shrub,succulent,shrub","shrub","succulent","shrub","Sandy",1,5
210,"Polygon",211,24,"Sandy","Deep sand"," ",151764991,100,"PRGL2,YUEL,SPFL2","PRGL2","YUEL","SPFL2",6825353.19,16008.37743,4964043.016,"shrub,succulent,PG","shrub","succulent","PG","Sandy",1,5
211,"Polygon",212,24,"Sandy","Deep sand"," ",151764991,101,"PRGL2, , ","PRGL2"," "," ",57616084.18,83897.7368,32406770.46,"shrub","shrub",NA,NA,"Sandy",1,6
212,"Polygon",213,24,"Sandy","Deep sand"," ",151764991,105,"PRGL2,ARPU9, ","PRGL2","ARPU9"," ",7035118.013,7290.320627,2887059.529,"shrub,PG","shrub","PG",NA,"Sandy",1,4
213,"Polygon",214,24,"Sandy","Deep sand"," ",151764991,106,"PRGL2,ARPU9,GUSA2","PRGL2","ARPU9","GUSA2",633644.9683,2016.827818,176468.8806,"shrub,PG,subshrub","shrub","PG","subshrub","Sandy",1,4
214,"Polygon",215,24,"Sandy","Deep sand"," ",151764991,107,"PRGL2,ATCA2, ","PRGL2","ATCA2"," ",9995894.241,18001.34107,5774917.128,"shrub,shrub","shrub","shrub",NA,"Sandy",1,5
215,"Polygon",216,24,"Sandy","Deep sand"," ",151764991,108,"PRGL2,ATCA2,FLCE","PRGL2","ATCA2","FLCE",1867270.281,12857.26403,1860256.427,"shrub,shrub,shrub","shrub","shrub","shrub","Sandy",1,5
216,"Polygon",217,24,"Sandy","Deep sand"," ",151764991,109,"PRGL2,ATCA2,GUSA2","PRGL2","ATCA2","GUSA2",6681452.926,14894.8249,2578712.816,"shrub,shrub,subshrub","shrub","shrub","subshrub","Sandy",1,5
217,"Polygon",218,24,"Sandy","Deep sand"," ",151764991,110,"PRGL2,ATCA2,PLMU3","PRGL2","ATCA2","PLMU3",113981.748,1787.158032,86161.59142,"shrub,shrub,PG","shrub","shrub","PG","Sandy",1,5
218,"Polygon",219,24,"Sandy","Deep sand"," ",151764991,111,"PRGL2,ATCA2,SPAI","PRGL2","ATCA2","SPAI",1037668.452,2046.772652,76114.20232,"shrub,shrub,PG","shrub","shrub","PG","Sandy",1,5
219,"Polygon",220,24,"Sandy","Deep sand"," ",151764991,112,"PRGL2,ATCA2,YUEL","PRGL2","ATCA2","YUEL",938874.3449,2055.67284,125909.1648,"shrub,shrub,succulent","shrub","shrub","succulent","Sandy",1,5
220,"Polygon",221,24,"Sandy","Deep sand"," ",151764991,113,"PRGL2,BOER4,GUSA2","PRGL2","BOER4","GUSA2",1846261.913,7805.752796,1533147.837,"shrub,PG,subshrub","shrub","PG","subshrub","Sandy",1,4
221,"Polygon",222,24,"Sandy","Deep sand"," ",151764991,115,"PRGL2,CELA,SCBR2","PRGL2","CELA","SCBR2",326787.7083,64.773391,147.573159,"shrub,shrub,PG","shrub","shrub","PG","Sandy",1,5
222,"Polygon",223,24,"Sandy","Deep sand"," ",151764991,116,"PRGL2,FLCE,ATCA2","PRGL2","FLCE","ATCA2",3507236.075,14969.50298,1132203.647,"shrub,shrub,shrub","shrub","shrub","shrub","Sandy",1,5
223,"Polygon",224,24,"Sandy","Deep sand"," ",151764991,118,"PRGL2,GUSA2, ","PRGL2","GUSA2"," ",29724873.71,52388.02667,12686656.6,"shrub,subshrub","shrub","subshrub",NA,"Sandy",1,6
224,"Polygon",225,24,"Sandy","Deep sand"," ",151764991,119,"PRGL2,GUSA2,YUEL","PRGL2","GUSA2","YUEL",1955386.284,8096.544444,1396325.787,"shrub,subshrub,succulent","shrub","subshrub","succulent","Sandy",1,5
225,"Polygon",226,24,"Sandy","Deep sand"," ",151764991,120,"PRGL2,LATR2, ","PRGL2","LATR2"," ",1142044.095,7271.612417,1044759.992,"shrub,shrub","shrub","shrub",NA,"Sandy",1,6
226,"Polygon",227,24,"Sandy","Deep sand"," ",151764991,121,"PRGL2,LATR2,FLCE","PRGL2","LATR2","FLCE",2844662.926,9851.604672,929455.3208,"shrub,shrub,shrub","shrub","shrub","shrub","Sandy",1,5
227,"Polygon",228,24,"Sandy","Deep sand"," ",151764991,124,"PRGL2,PSSC6, ","PRGL2","PSSC6"," ",944266.9304,5873.598047,944266.9304,"shrub,shrub","shrub","shrub",NA,"Sandy",1,6
228,"Polygon",229,24,"Sandy","Deep sand"," ",151764991,125,"PRGL2,SCBR2,PLMU3","PRGL2","SCBR2","PLMU3",214669.9754,168.012216,1601.045483,"shrub,PG,PG","shrub","PG","PG","Sandy",1,4
229,"Polygon",230,24,"Sandy","Deep sand"," ",151764991,126,"PRGL2,SPFL2, ","PRGL2","SPFL2"," ",61470.9562,947.606835,52623.02661,"shrub,PG","shrub","PG",NA,"Sandy",1,4
230,"Polygon",231,24,"Sandy","Deep sand"," ",151764991,127,"PRGL2,SPFL2,GUSA2","PRGL2","SPFL2","GUSA2",2072824.431,8904.484396,1069524.748,"shrub,PG,subshrub","shrub","PG","subshrub","Sandy",1,4
231,"Polygon",232,24,"Sandy","Deep sand"," ",151764991,128,"PRGL2,SPFL2,YUEL","PRGL2","SPFL2","YUEL",5514872.158,2707.785416,173607.2277,"shrub,PG,succulent","shrub","PG","succulent","Sandy",1,4
232,"Polygon",233,24,"Sandy","Deep sand"," ",151764991,129,"PRGL2,YUEL,ARPU9","PRGL2","YUEL","ARPU9",410110.9343,259.856683,4508.861845,"shrub,succulent,PG","shrub","succulent","PG","Sandy",1,5
233,"Polygon",234,24,"Sandy","Deep sand"," ",151764991,130,"PRGL2,YUEL,GUSA2","PRGL2","YUEL","GUSA2",12676395.23,5351.701357,281046.7971,"shrub,succulent,subshrub","shrub","succulent","subshrub","Sandy",1,5
234,"Polygon",235,24,"Sandy","Deep sand"," ",151764991,131,"PRGL2, , ","PRGL2"," "," ",455271.0698,2687.50578,228495.5395,"shrub","shrub",NA,NA,"Sandy",1,6
235,"Polygon",236,24,"Sandy","Deep sand"," ",151764991,132,"PRGL2,ATCA2, ","PRGL2","ATCA2"," ",61344184.43,44332.49413,15597337.51,"shrub,shrub","shrub","shrub",NA,"Sandy",1,5
236,"Polygon",237,24,"Sandy","Deep sand"," ",151764991,133,"PRGL2,GUSA2, ","PRGL2","GUSA2"," ",39354090.54,56542.70377,26337148.21,"shrub,subshrub","shrub","subshrub",NA,"Sandy",1,6
237,"Polygon",238,24,"Sandy","Deep sand"," ",151764991,134,"PSSC6,PRGL2,ARFI2","PSSC6","PRGL2","ARFI2",819842.4375,5067.829178,819842.4375,"shrub,shrub,shrub","shrub","shrub","shrub","Sandy",1,5
238,"Polygon",239,24,"Sandy","Deep sand"," ",151764991,135,"PSSC6,PRGL2,GUSA2","PSSC6","PRGL2","GUSA2",467736.0943,3060.078117,467736.0943,"shrub,shrub,subshrub","shrub","shrub","subshrub","Sandy",1,5
239,"Polygon",240,24,"Sandy","Deep sand"," ",151764991,136,"PSSC6,SPFL2,YUEL","PSSC6","SPFL2","YUEL",796861.1881,3305.409585,570706.5932,"shrub,PG,succulent","shrub","PG","succulent","Sandy",1,4
240,"Polygon",241,24,"Sandy","Deep sand"," ",151764991,140,"SCBR2,BOER4,ARPU9","SCBR2","BOER4","ARPU9",335337.3538,900.312655,26335.10701,"PG,PG,PG","PG","PG","PG","Sandy",1,2
241,"Polygon",242,24,"Sandy","Deep sand"," ",151764991,145,"SCBR2,KOSP, ","SCBR2","KOSP"," ",1174020.295,1727.422093,126061.1086,"PG,shrub","PG","shrub",NA,"Sandy",1,4
242,"Polygon",243,24,"Sandy","Deep sand"," ",151764991,147,"SCBR2,PLMU3, ","SCBR2","PLMU3"," ",2426297.229,3441.734078,321912.1353,"PG,PG","PG","PG",NA,"Sandy",1,2
243,"Polygon",244,24,"Sandy","Deep sand"," ",151764991,148,"SCBR2,PLMU3,FLCE","SCBR2","PLMU3","FLCE",1716426.24,777.668429,29938.22551,"PG,PG,shrub","PG","PG","shrub","Sandy",1,2
244,"Polygon",245,24,"Sandy","Deep sand"," ",151764991,149,"SCBR2,PLMU3,OPUNT","SCBR2","PLMU3","OPUNT",3546573.362,2102.056341,46194.92576,"PG,PG,succulent","PG","PG","succulent","Sandy",1,2
245,"Polygon",246,24,"Sandy","Deep sand"," ",151764991,150,"SCBR2,PLMU3,PRGL2","SCBR2","PLMU3","PRGL2",1038263.18,1465.729126,40116.19049,"PG,PG,shrub","PG","PG","shrub","Sandy",1,2
246,"Polygon",247,24,"Sandy","Deep sand"," ",151764991,155,"SCBR2,SPAI,PLMU3","SCBR2","SPAI","PLMU3",464154.6361,1842.635816,154581.137,"PG,PG,PG","PG","PG","PG","Sandy",1,2
247,"Polygon",248,24,"Sandy","Deep sand"," ",151764991,157,"SCBR2,SPFL2,FLCE","SCBR2","SPFL2","FLCE",704881.4085,3827.613299,704881.4085,"PG,PG,shrub","PG","PG","shrub","Sandy",1,2
248,"Polygon",249,24,"Sandy","Deep sand"," ",151764991,159,"SPFL2,ARPU9, ","SPFL2","ARPU9"," ",251335.0229,2938.21944,232701.826,"PG,PG","PG","PG",NA,"Sandy",1,2
249,"Polygon",250,24,"Sandy","Deep sand"," ",151764991,160,"SPFL2,ARPU9,PRGL2","SPFL2","ARPU9","PRGL2",1203988.032,3847.861933,770223.406,"PG,PG,shrub","PG","PG","shrub","Sandy",1,2
250,"Polygon",251,24,"Sandy","Deep sand"," ",151764991,161,"SPFL2,ARPU9,YUEL","SPFL2","ARPU9","YUEL",7375763.938,21280.1874,4844592.62,"PG,PG,succulent","PG","PG","succulent","Sandy",1,2
251,"Polygon",252,24,"Sandy","Deep sand"," ",151764991,162,"SPFL2,GUSA2,PRGL2","SPFL2","GUSA2","PRGL2",884368.1104,2049.827803,226980.9126,"PG,subshrub,shrub","PG","subshrub","shrub","Sandy",1,2
252,"Polygon",253,24,"Sandy","Deep sand"," ",151764991,163,"SPORO,EPHEDRA, ","SPORO","EPHEDRA"," ",2321955.057,892.243157,12962.92584,"PG,succulent","PG","succulent",NA,"Sandy",1,4
253,"Polygon",254,24,"Sandy","Deep sand"," ",151764991,164,"YUEL,PRGL2,GUSA2","YUEL","PRGL2","GUSA2",386546.6708,3246.300924,385065.5681,"succulent,shrub,subshrub","succulent","shrub","subshrub","Sandy",1,4
254,"Polygon",255,24,"Sandy","Deep sand"," ",151764991,165,"YUEL,PRGL2, ","YUEL","PRGL2"," ",414716.4026,866.972033,24519.24871,"succulent,shrub","succulent","shrub",NA,"Sandy",1,5
255,"Polygon",256,25,"Sandy","Deep sand","Shallow sandy",36229137.91,2,"ARPU9,PLMU3,PRGL2","ARPU9","PLMU3","PRGL2",123354.5101,1467.091604,123354.5101,"PG,PG,shrub","PG","PG","shrub","Sandy",1,2
256,"Polygon",257,25,"Sandy","Deep sand","Shallow sandy",36229137.91,9,"BOER4,PRGL2,YUEL","BOER4","PRGL2","YUEL",1349749.198,7072.027555,1188193.165,"PG,shrub,succulent","PG","shrub","succulent","Sandy",1,4
257,"Polygon",258,25,"Sandy","Deep sand","Shallow sandy",36229137.91,11,"BOER4,SPFL2,PRGL2","BOER4","SPFL2","PRGL2",3191301.946,301.811318,4043.517904,"PG,PG,shrub","PG","PG","shrub","Sandy",1,1
258,"Polygon",259,25,"Sandy","Deep sand","Shallow sandy",36229137.91,26,"FLCE,PLMU3,PRGL2","FLCE","PLMU3","PRGL2",101920.8984,2094.41451,101920.8984,"shrub,PG,shrub","shrub","PG","shrub","Sandy",1,4
259,"Polygon",260,25,"Sandy","Deep sand","Shallow sandy",36229137.91,30,"FLCE,PRGL2,PLMU3","FLCE","PRGL2","PLMU3",82068.72888,1667.93307,82068.72888,"shrub,shrub,PG","shrub","shrub","PG","Sandy",1,5
260,"Polygon",261,25,"Sandy","Deep sand","Shallow sandy",36229137.91,58,"PLMU3,FLCE,SCBR2","PLMU3","FLCE","SCBR2",1163875.112,1536.40423,56423.96749,"PG,shrub,PG","PG","shrub","PG","Sandy",1,4
261,"Polygon",262,25,"Sandy","Deep sand","Shallow sandy",36229137.91,66,"PLMU3,SCBR2,OPUNT","PLMU3","SCBR2","OPUNT",1257991.714,970.319878,24011.76075,"PG,PG,succulent","PG","PG","succulent","Sandy",1,2
262,"Polygon",263,25,"Sandy","Deep sand","Shallow sandy",36229137.91,75,"PRGL2,BOER4, ","PRGL2","BOER4"," ",2136391.017,2307.298499,228806.8069,"shrub,PG","shrub","PG",NA,"Sandy",1,4
263,"Polygon",264,25,"Sandy","Deep sand","Shallow sandy",36229137.91,78,"PRGL2,BOER4,YUEL","PRGL2","BOER4","YUEL",8985471.574,21031.387,4216885.643,"shrub,PG,succulent","shrub","PG","succulent","Sandy",1,4
264,"Polygon",265,25,"Sandy","Deep sand","Shallow sandy",36229137.91,80,"PRGL2,GUSA2, ","PRGL2","GUSA2"," ",254274.3534,1925.498662,163353.2076,"shrub,subshrub","shrub","subshrub",NA,"Sandy",1,6
265,"Polygon",266,25,"Sandy","Deep sand","Shallow sandy",36229137.91,93,"PRGL2,SPFL2,GUSA2","PRGL2","SPFL2","GUSA2",21268255.85,10498.19412,2500830.736,"shrub,PG,subshrub","shrub","PG","subshrub","Sandy",1,4
266,"Polygon",267,25,"Sandy","Deep sand","Shallow sandy",36229137.91,94,"PRGL2,SPFL2,YUEL","PRGL2","SPFL2","YUEL",10553949.99,1461.241589,61670.47198,"shrub,PG,succulent","shrub","PG","succulent","Sandy",1,4
267,"Polygon",268,25,"Sandy","Deep sand","Shallow sandy",36229137.91,95,"PRGL2,YUEL,ARPU9","PRGL2","YUEL","ARPU9",3571571.024,4156.032143,530904.5267,"shrub,succulent,PG","shrub","succulent","PG","Sandy",1,5
268,"Polygon",269,25,"Sandy","Deep sand","Shallow sandy",36229137.91,96,"PRGL2,YUEL,EPHEDRA","PRGL2","YUEL","EPHEDRA",119150.2092,1235.508175,83370.99839,"shrub,succulent,succulent","shrub","succulent","succulent","Sandy",1,5
269,"Polygon",270,25,"Sandy","Deep sand","Shallow sandy",36229137.91,100,"PRGL2,YUEL,SPFL2","PRGL2","YUEL","SPFL2",6825353.19,5080.067692,715238.7201,"shrub,succulent,PG","shrub","succulent","PG","Sandy",1,5
270,"Polygon",271,25,"Sandy","Deep sand","Shallow sandy",36229137.91,101,"PRGL2, , ","PRGL2"," "," ",57616084.18,22934.22663,7915063.801,"shrub","shrub",NA,NA,"Sandy",1,6
271,"Polygon",272,25,"Sandy","Deep sand","Shallow sandy",36229137.91,106,"PRGL2,ARPU9,GUSA2","PRGL2","ARPU9","GUSA2",633644.9683,3140.805566,457176.0878,"shrub,PG,subshrub","shrub","PG","subshrub","Sandy",1,4
272,"Polygon",273,25,"Sandy","Deep sand","Shallow sandy",36229137.91,107,"PRGL2,ATCA2, ","PRGL2","ATCA2"," ",9995894.241,7737.49388,1423226.733,"shrub,shrub","shrub","shrub",NA,"Sandy",1,5
273,"Polygon",274,25,"Sandy","Deep sand","Shallow sandy",36229137.91,109,"PRGL2,ATCA2,GUSA2","PRGL2","ATCA2","GUSA2",6681452.926,1142.624332,63956.52297,"shrub,shrub,subshrub","shrub","shrub","subshrub","Sandy",1,5
274,"Polygon",275,25,"Sandy","Deep sand","Shallow sandy",36229137.91,112,"PRGL2,ATCA2,YUEL","PRGL2","ATCA2","YUEL",938874.3449,4141.684562,305635.2708,"shrub,shrub,succulent","shrub","shrub","succulent","Sandy",1,5
275,"Polygon",276,25,"Sandy","Deep sand","Shallow sandy",36229137.91,118,"PRGL2,GUSA2, ","PRGL2","GUSA2"," ",29724873.71,12156.47321,3149164.897,"shrub,subshrub","shrub","subshrub",NA,"Sandy",1,6
276,"Polygon",277,25,"Sandy","Deep sand","Shallow sandy",36229137.91,119,"PRGL2,GUSA2,YUEL","PRGL2","GUSA2","YUEL",1955386.284,4490.705844,516917.3557,"shrub,subshrub,succulent","shrub","subshrub","succulent","Sandy",1,6
277,"Polygon",278,25,"Sandy","Deep sand","Shallow sandy",36229137.91,130,"PRGL2,YUEL,GUSA2","PRGL2","YUEL","GUSA2",12676395.23,19777.2891,1721790.838,"shrub,succulent,subshrub","shrub","succulent","subshrub","Sandy",1,5
278,"Polygon",279,25,"Sandy","Deep sand","Shallow sandy",36229137.91,133,"PRGL2,GUSA2, ","PRGL2","GUSA2"," ",39354090.54,20147.09636,8013899.941,"shrub,subshrub","shrub","subshrub",NA,"Sandy",1,6
279,"Polygon",280,25,"Sandy","Deep sand","Shallow sandy",36229137.91,162,"SPFL2,GUSA2,PRGL2","SPFL2","GUSA2","PRGL2",884368.1104,2104.944148,164059.6951,"PG,subshrub,shrub","PG","subshrub","shrub","Sandy",1,2
280,"Polygon",281,25,"Sandy","Deep sand","Shallow sandy",36229137.91,164,"YUEL,PRGL2,GUSA2","YUEL","PRGL2","GUSA2",386546.6708,202.616888,1481.102841,"succulent,shrub,subshrub","succulent","shrub","subshrub","Sandy",1,5
281,"Polygon",282,25,"Sandy","Deep sand","Shallow sandy",36229137.91,165,"YUEL,PRGL2, ","YUEL","PRGL2"," ",414716.4026,221.992977,1735.71474,"succulent,shrub","succulent","shrub",NA,"Sandy",1,5
282,"Polygon",283,26,"Sandy","Loamy","Clayey",6504750.434,21,"FLCE,LATR2,LYBE","FLCE","LATR2","LYBE",606360.9239,3696.510029,601449.8879,"shrub,shrub,shrub","shrub","shrub","shrub","Sandy",1,5
283,"Polygon",284,26,"Sandy","Loamy","Clayey",6504750.434,22,"FLCE,LATR2,PLMU3","FLCE","LATR2","PLMU3",2217269.929,4233.90066,494362.2049,"shrub,shrub,PG","shrub","shrub","PG","Sandy",1,5
284,"Polygon",285,26,"Sandy","Loamy","Clayey",6504750.434,24,"FLCE,LYBE,PLMU3","FLCE","LYBE","PLMU3",285531.8971,2553.273965,285531.8971,"shrub,shrub,PG","shrub","shrub","PG","Sandy",1,5
285,"Polygon",286,26,"Sandy","Loamy","Clayey",6504750.434,25,"FLCE,PLMU3, ","FLCE","PLMU3"," ",293183.9004,2773.41851,223299.5483,"shrub,PG","shrub","PG",NA,"Sandy",1,4
286,"Polygon",287,26,"Sandy","Loamy","Clayey",6504750.434,28,"FLCE,PLMU3,SCBR2","FLCE","PLMU3","SCBR2",7147095.878,8052.97898,1035433.858,"shrub,PG,PG","shrub","PG","PG","Sandy",1,4
287,"Polygon",288,26,"Sandy","Loamy","Clayey",6504750.434,33,"FLCE,SCBR2,PLMU3","FLCE","SCBR2","PLMU3",17413694.84,1449.066283,59667.13328,"shrub,PG,PG","shrub","PG","PG","Sandy",1,4
288,"Polygon",289,26,"Sandy","Loamy","Clayey",6504750.434,38,"LATR2, , ","LATR2"," "," ",814026.9469,1002.809164,54789.40676,"shrub","shrub",NA,NA,"Sandy",1,6
289,"Polygon",290,26,"Sandy","Loamy","Clayey",6504750.434,40,"LATR2,FLCE, ","LATR2","FLCE"," ",432781.2282,4869.766306,418710.5628,"shrub,shrub","shrub","shrub",NA,"Sandy",1,5
290,"Polygon",291,26,"Sandy","Loamy","Clayey",6504750.434,41,"LATR2,FLCE,BOCU","LATR2","FLCE","BOCU",103218.9627,1544.843056,103218.9627,"shrub,shrub,PG","shrub","shrub","PG","Sandy",1,5
291,"Polygon",292,26,"Sandy","Loamy","Clayey",6504750.434,42,"LATR2,FLCE,MUPO2","LATR2","FLCE","MUPO2",4064330.818,8945.273633,625546.423,"shrub,shrub,PG","shrub","shrub","PG","Sandy",1,5
292,"Polygon",293,26,"Sandy","Loamy","Clayey",6504750.434,43,"LATR2,FLCE,PLMU3","LATR2","FLCE","PLMU3",43342492.31,8776.649883,1459207.533,"shrub,shrub,PG","shrub","shrub","PG","Sandy",1,5
293,"Polygon",294,26,"Sandy","Loamy","Clayey",6504750.434,44,"LATR2,FLCE,PRGL2","LATR2","FLCE","PRGL2",4058201.27,4295.46692,460967.5064,"shrub,shrub,shrub","shrub","shrub","shrub","Sandy",1,5
294,"Polygon",295,26,"Sandy","Loamy","Clayey",6504750.434,60,"PLMU3,MUPO2,LATR2","PLMU3","MUPO2","LATR2",427479.9829,1952.06679,200365.5106,"PG,PG,shrub","PG","PG","shrub","Sandy",1,2
295,"Polygon",296,26,"Sandy","Loamy","Clayey",6504750.434,63,"PLMU3,SCBR2, ","PLMU3","SCBR2"," ",1297601.537,1612.244302,93443.87298,"PG,PG","PG","PG",NA,"Sandy",1,2
296,"Polygon",297,26,"Sandy","Loamy","Clayey",6504750.434,67,"PLMU3,SCBR2,PRGL2","PLMU3","SCBR2","PRGL2",1165251.326,1170.199244,16806.10239,"PG,PG,shrub","PG","PG","shrub","Sandy",1,2
297,"Polygon",298,27,"Sandy","Loamy","Deep sand",154795964.8,3,"ARPU9,SPFL2, ","ARPU9","SPFL2"," ",583649.5255,1502.459251,96304.38263,"PG,PG","PG","PG",NA,"Sandy",1,1
298,"Polygon",299,27,"Sandy","Loamy","Deep sand",154795964.8,6,"Bare, , ","Bare"," "," ",672734.5624,1680.79271,88437.58721,"Bare","Bare",NA,NA,"Sandy",1,7
299,"Polygon",300,27,"Sandy","Loamy","Deep sand",154795964.8,7,"BOER4,ARPU9,SPFL2","BOER4","ARPU9","SPFL2",553870.958,4004.306034,553870.958,"PG,PG,PG","PG","PG","PG","Sandy",1,1
300,"Polygon",301,27,"Sandy","Loamy","Deep sand",154795964.8,16,"EPHEDRA,YUEL,PRGL2","EPHEDRA","YUEL","PRGL2",72313.04368,1023.027332,72313.04368,"succulent,succulent,shrub","succulent","succulent","shrub","Sandy",1,5
301,"Polygon",302,27,"Sandy","Loamy","Deep sand",154795964.8,17,"EPHEDRA,PRGL2,YUEL","EPHEDRA","PRGL2","YUEL",116963.9621,699.820603,22035.88232,"succulent,shrub,succulent","succulent","shrub","succulent","Sandy",1,5
302,"Polygon",303,27,"Sandy","Loamy","Deep sand",154795964.8,19,"FLCE,ATCA2, ","FLCE","ATCA2"," ",79659.00781,1200.953423,79659.00781,"shrub,shrub","shrub","shrub",NA,"Sandy",1,5
303,"Polygon",304,27,"Sandy","Loamy","Deep sand",154795964.8,20,"FLCE,CELA,LYBE","FLCE","CELA","LYBE",9946.841838,404.874595,9946.841838,"shrub,shrub,shrub","shrub","shrub","shrub","Sandy",1,5
304,"Polygon",305,27,"Sandy","Loamy","Deep sand",154795964.8,22,"FLCE,LATR2,PLMU3","FLCE","LATR2","PLMU3",2217269.929,8120.613656,316309.8921,"shrub,shrub,PG","shrub","shrub","PG","Sandy",1,4
305,"Polygon",306,27,"Sandy","Loamy","Deep sand",154795964.8,27,"FLCE,PLMU3,PRGL2","FLCE","PLMU3","PRGL2",1053634.346,4436.508269,318133.9024,"shrub,PG,shrub","shrub","PG","shrub","Sandy",1,4
306,"Polygon",307,27,"Sandy","Loamy","Deep sand",154795964.8,28,"FLCE,PLMU3,SCBR2","FLCE","PLMU3","SCBR2",7147095.878,15684.26646,2635908.523,"shrub,PG,PG","shrub","PG","PG","Sandy",1,4
307,"Polygon",308,27,"Sandy","Loamy","Deep sand",154795964.8,29,"FLCE,PLMU3,SPAI","FLCE","PLMU3","SPAI",6405086.61,13573.13107,6393445.616,"shrub,PG,PG","shrub","PG","PG","Sandy",1,4
308,"Polygon",309,27,"Sandy","Loamy","Deep sand",154795964.8,31,"FLCE,PRGL2,SCBR2","FLCE","PRGL2","SCBR2",523709.4407,3113.571746,410952.8756,"shrub,shrub,PG","shrub","shrub","PG","Sandy",1,5
309,"Polygon",310,27,"Sandy","Loamy","Deep sand",154795964.8,32,"FLCE,SCBR2, ","FLCE","SCBR2"," ",97830.09883,1632.843461,78153.96739,"shrub,PG","shrub","PG",NA,"Sandy",1,4
310,"Polygon",311,27,"Sandy","Loamy","Deep sand",154795964.8,33,"FLCE,SCBR2,PLMU3","FLCE","SCBR2","PLMU3",17413694.84,57637.60875,15856143.75,"shrub,PG,PG","shrub","PG","PG","Sandy",1,4
311,"Polygon",312,27,"Sandy","Loamy","Deep sand",154795964.8,34,"FLCE,SPAI,SCBR2","FLCE","SPAI","SCBR2",2576110.634,9052.864368,2240011.041,"shrub,PG,PG","shrub","PG","PG","Sandy",1,4
312,"Polygon",313,27,"Sandy","Loamy","Deep sand",154795964.8,43,"LATR2,FLCE,PLMU3","LATR2","FLCE","PLMU3",43342492.31,49377.97322,24855559.56,"shrub,shrub,PG","shrub","shrub","PG","Sandy",1,5
313,"Polygon",314,27,"Sandy","Loamy","Deep sand",154795964.8,45,"LATR2,FLCE,PRGL2","LATR2","FLCE","PRGL2",2099690.965,8749.638077,975565.955,"shrub,shrub,shrub","shrub","shrub","shrub","Sandy",1,5
314,"Polygon",315,27,"Sandy","Loamy","Deep sand",154795964.8,52,"LATR2,PRGL2,FLCE","LATR2","PRGL2","FLCE",47405692.14,42022.53724,7107682.079,"shrub,shrub,shrub","shrub","shrub","shrub","Sandy",1,5
315,"Polygon",316,27,"Sandy","Loamy","Deep sand",154795964.8,54,"LATR2,PRGL2,FLCE","LATR2","PRGL2","FLCE",25483520.6,21666.57704,4300723.571,"shrub,shrub,shrub","shrub","shrub","shrub","Sandy",1,5
316,"Polygon",317,27,"Sandy","Loamy","Deep sand",154795964.8,57,"PLMU3, , ","PLMU3"," "," ",397142.9198,564.870466,22882.50083,"PG","PG",NA,NA,"Sandy",1,2
317,"Polygon",318,27,"Sandy","Loamy","Deep sand",154795964.8,58,"PLMU3,FLCE,SCBR2","PLMU3","FLCE","SCBR2",1163875.112,8639.255213,868480.4476,"PG,shrub,PG","PG","shrub","PG","Sandy",1,4
318,"Polygon",319,27,"Sandy","Loamy","Deep sand",154795964.8,62,"PLMU3,PRGL2,SCBR2","PLMU3","PRGL2","SCBR2",403110.3252,2938.36442,96874.86969,"PG,shrub,PG","PG","shrub","PG","Sandy",1,4
319,"Polygon",320,27,"Sandy","Loamy","Deep sand",154795964.8,63,"PLMU3,SCBR2, ","PLMU3","SCBR2"," ",1297601.537,2068.692828,83255.88817,"PG,PG","PG","PG",NA,"Sandy",1,2
320,"Polygon",321,27,"Sandy","Loamy","Deep sand",154795964.8,64,"PLMU3,SCBR2,FLCE","PLMU3","SCBR2","FLCE",261641.6974,45.355258,75.108152,"PG,PG,shrub","PG","PG","shrub","Sandy",1,2
321,"Polygon",322,27,"Sandy","Loamy","Deep sand",154795964.8,66,"PLMU3,SCBR2,OPUNT","PLMU3","SCBR2","OPUNT",1257991.714,6769.511241,1233979.954,"PG,PG,succulent","PG","PG","succulent","Sandy",1,2
322,"Polygon",323,27,"Sandy","Loamy","Deep sand",154795964.8,67,"PLMU3,SCBR2,PRGL2","PLMU3","SCBR2","PRGL2",1165251.326,728.347141,15846.59376,"PG,PG,shrub","PG","PG","shrub","Sandy",1,2
323,"Polygon",324,27,"Sandy","Loamy","Deep sand",154795964.8,68,"PLMU3,SCBR2,RHMI3","PLMU3","SCBR2","RHMI3",41597.59015,1007.904482,41597.59015,"PG,PG,shrub","PG","PG","shrub","Sandy",1,2
324,"Polygon",325,27,"Sandy","Loamy","Deep sand",154795964.8,70,"PLMU3,SPAI,PRGL2","PLMU3","SPAI","PRGL2",138385.6004,2164.187699,138385.6004,"PG,PG,shrub","PG","PG","shrub","Sandy",1,2
325,"Polygon",326,27,"Sandy","Loamy","Deep sand",154795964.8,71,"PLMU3,SPAI,SCBR2","PLMU3","SPAI","SCBR2",1583932.87,9295.762869,1583932.87,"PG,PG,PG","PG","PG","PG","Sandy",1,2
326,"Polygon",327,27,"Sandy","Loamy","Deep sand",154795964.8,72,"PRGL2,ARPU9,BOER4","PRGL2","ARPU9","BOER4",3430579.187,12402.46747,3430579.187,"shrub,PG,PG","shrub","PG","PG","Sandy",1,4
327,"Polygon",328,27,"Sandy","Loamy","Deep sand",154795964.8,73,"PRGL2,ARPU9,GUSA2","PRGL2","ARPU9","GUSA2",1581777.474,5929.596015,1571442.364,"shrub,PG,subshrub","shrub","PG","subshrub","Sandy",1,4
328,"Polygon",329,27,"Sandy","Loamy","Deep sand",154795964.8,76,"PRGL2,BOER4,ARPU9","PRGL2","BOER4","ARPU9",578165.2687,3354.400601,578165.2687,"shrub,PG,PG","shrub","PG","PG","Sandy",1,4
329,"Polygon",330,27,"Sandy","Loamy","Deep sand",154795964.8,78,"PRGL2,BOER4,YUEL","PRGL2","BOER4","YUEL",8985471.574,4356.196034,844908.1197,"shrub,PG,succulent","shrub","PG","succulent","Sandy",1,4
330,"Polygon",331,27,"Sandy","Loamy","Deep sand",154795964.8,79,"PRGL2,FLCE,PLMU3","PRGL2","FLCE","PLMU3",3200987.036,8742.764545,2984132.203,"shrub,shrub,PG","shrub","shrub","PG","Sandy",1,5
331,"Polygon",332,27,"Sandy","Loamy","Deep sand",154795964.8,81,"PRGL2,LATR2,FLCE","PRGL2","LATR2","FLCE",500214.3077,4612.182634,436076.0724,"shrub,shrub,shrub","shrub","shrub","shrub","Sandy",1,5
332,"Polygon",333,27,"Sandy","Loamy","Deep sand",154795964.8,83,"PRGL2,PLMU3, ","PRGL2","PLMU3"," ",2662502.849,928.291986,19333.93589,"shrub,PG","shrub","PG",NA,"Sandy",1,4
333,"Polygon",334,27,"Sandy","Loamy","Deep sand",154795964.8,84,"PRGL2,PLMU3,ARPU9","PRGL2","PLMU3","ARPU9",130268.8802,2222.914367,130268.8802,"shrub,PG,PG","shrub","PG","PG","Sandy",1,4
334,"Polygon",335,27,"Sandy","Loamy","Deep sand",154795964.8,86,"PRGL2,PLMU3,SCBR2","PRGL2","PLMU3","SCBR2",7980669.164,28280.56316,6843884.468,"shrub,PG,PG","shrub","PG","PG","Sandy",1,4
335,"Polygon",336,27,"Sandy","Loamy","Deep sand",154795964.8,87,"PRGL2,PLMU3,SPAI","PRGL2","PLMU3","SPAI",2179474.814,15977.14205,813763.0836,"shrub,PG,PG","shrub","PG","PG","Sandy",1,4
336,"Polygon",337,27,"Sandy","Loamy","Deep sand",154795964.8,88,"PRGL2,RHMI3,SCBR2","PRGL2","RHMI3","SCBR2",47370.77851,1589.990922,47370.77851,"shrub,shrub,PG","shrub","shrub","PG","Sandy",1,5
337,"Polygon",338,27,"Sandy","Loamy","Deep sand",154795964.8,90,"PRGL2,SCBR2,ARPU9","PRGL2","SCBR2","ARPU9",135352.1206,1718.942354,135352.1206,"shrub,PG,PG","shrub","PG","PG","Sandy",1,4
338,"Polygon",339,27,"Sandy","Loamy","Deep sand",154795964.8,91,"PRGL2,SCBR2,PLMU3","PRGL2","SCBR2","PLMU3",5336197.438,24263.47145,5309101.709,"shrub,PG,PG","shrub","PG","PG","Sandy",1,4
339,"Polygon",340,27,"Sandy","Loamy","Deep sand",154795964.8,93,"PRGL2,SPFL2,GUSA2","PRGL2","SPFL2","GUSA2",21268255.85,30506.49817,8604299.74,"shrub,PG,subshrub","shrub","PG","subshrub","Sandy",1,4
340,"Polygon",341,27,"Sandy","Loamy","Deep sand",154795964.8,94,"PRGL2,SPFL2,YUEL","PRGL2","SPFL2","YUEL",10553949.99,21375.3169,5818713.479,"shrub,PG,succulent","shrub","PG","succulent","Sandy",1,4
341,"Polygon",342,27,"Sandy","Loamy","Deep sand",154795964.8,95,"PRGL2,YUEL,ARPU9","PRGL2","YUEL","ARPU9",3571571.024,18791.03656,2550294.062,"shrub,succulent,PG","shrub","succulent","PG","Sandy",1,5
342,"Polygon",343,27,"Sandy","Loamy","Deep sand",154795964.8,98,"PRGL2,YUEL,FLCE","PRGL2","YUEL","FLCE",1557292.909,3064.229777,504948.5172,"shrub,succulent,shrub","shrub","succulent","shrub","Sandy",1,5
343,"Polygon",344,27,"Sandy","Loamy","Deep sand",154795964.8,100,"PRGL2,YUEL,SPFL2","PRGL2","YUEL","SPFL2",6825353.19,2587.877369,306455.9041,"shrub,succulent,PG","shrub","succulent","PG","Sandy",1,5
344,"Polygon",345,27,"Sandy","Loamy","Deep sand",154795964.8,101,"PRGL2, , ","PRGL2"," "," ",57616084.18,30137.11681,3494380.305,"shrub","shrub",NA,NA,"Sandy",1,6
345,"Polygon",346,27,"Sandy","Loamy","Deep sand",154795964.8,105,"PRGL2,ARPU9, ","PRGL2","ARPU9"," ",7035118.013,6111.551605,458228.6198,"shrub,PG","shrub","PG",NA,"Sandy",1,4
346,"Polygon",347,27,"Sandy","Loamy","Deep sand",154795964.8,107,"PRGL2,ATCA2, ","PRGL2","ATCA2"," ",9995894.241,2167.007385,171795.3031,"shrub,shrub","shrub","shrub",NA,"Sandy",1,5
347,"Polygon",348,27,"Sandy","Loamy","Deep sand",154795964.8,110,"PRGL2,ATCA2,PLMU3","PRGL2","ATCA2","PLMU3",113981.748,1022.835346,27820.1564,"shrub,shrub,PG","shrub","shrub","PG","Sandy",1,4
348,"Polygon",349,27,"Sandy","Loamy","Deep sand",154795964.8,111,"PRGL2,ATCA2,SPAI","PRGL2","ATCA2","SPAI",1037668.452,4565.087784,961554.2501,"shrub,shrub,PG","shrub","shrub","PG","Sandy",1,5
349,"Polygon",350,27,"Sandy","Loamy","Deep sand",154795964.8,112,"PRGL2,ATCA2,YUEL","PRGL2","ATCA2","YUEL",938874.3449,1502.598682,81176.93273,"shrub,shrub,succulent","shrub","shrub","succulent","Sandy",1,5
350,"Polygon",351,27,"Sandy","Loamy","Deep sand",154795964.8,114,"PRGL2,BOER4,YUEL","PRGL2","BOER4","YUEL",586744.0089,3504.414108,586744.0089,"shrub,PG,succulent","shrub","PG","succulent","Sandy",1,4
351,"Polygon",352,27,"Sandy","Loamy","Deep sand",154795964.8,115,"PRGL2,CELA,SCBR2","PRGL2","CELA","SCBR2",326787.7083,2975.078333,326640.1353,"shrub,shrub,PG","shrub","shrub","PG","Sandy",1,5
352,"Polygon",353,27,"Sandy","Loamy","Deep sand",154795964.8,116,"PRGL2,FLCE,ATCA2","PRGL2","FLCE","ATCA2",3507236.075,13481.00719,2375032.428,"shrub,shrub,shrub","shrub","shrub","shrub","Sandy",1,5
353,"Polygon",354,27,"Sandy","Loamy","Deep sand",154795964.8,117,"PRGL2,FLCE,LATR2","PRGL2","FLCE","LATR2",1520696.644,2665.200658,184682.0022,"shrub,shrub,shrub","shrub","shrub","shrub","Sandy",1,5
354,"Polygon",355,27,"Sandy","Loamy","Deep sand",154795964.8,118,"PRGL2,GUSA2, ","PRGL2","GUSA2"," ",29724873.71,34674.95981,5101575.042,"shrub,subshrub","shrub","subshrub",NA,"Sandy",1,6
355,"Polygon",356,27,"Sandy","Loamy","Deep sand",154795964.8,121,"PRGL2,LATR2,FLCE","PRGL2","LATR2","FLCE",2844662.926,10432.42749,1746655.685,"shrub,shrub,shrub","shrub","shrub","shrub","Sandy",1,5
356,"Polygon",357,27,"Sandy","Loamy","Deep sand",154795964.8,123,"PRGL2,PLMU3,FLCE","PRGL2","PLMU3","FLCE",64237.02013,1044.252365,64237.02013,"shrub,PG,shrub","shrub","PG","shrub","Sandy",1,4
357,"Polygon",358,27,"Sandy","Loamy","Deep sand",154795964.8,125,"PRGL2,SCBR2,PLMU3","PRGL2","SCBR2","PLMU3",214669.9754,5531.52819,213068.9299,"shrub,PG,PG","shrub","PG","PG","Sandy",1,4
358,"Polygon",359,27,"Sandy","Loamy","Deep sand",154795964.8,128,"PRGL2,SPFL2,YUEL","PRGL2","SPFL2","YUEL",5514872.158,12982.61633,2900983.938,"shrub,PG,succulent","shrub","PG","succulent","Sandy",1,4
359,"Polygon",360,27,"Sandy","Loamy","Deep sand",154795964.8,129,"PRGL2,YUEL,ARPU9","PRGL2","YUEL","ARPU9",410110.9343,2013.22706,70912.60616,"shrub,succulent,PG","shrub","succulent","PG","Sandy",1,5
360,"Polygon",361,27,"Sandy","Loamy","Deep sand",154795964.8,130,"PRGL2,YUEL,GUSA2","PRGL2","YUEL","GUSA2",12676395.23,2372.280312,78355.97296,"shrub,succulent,subshrub","shrub","succulent","subshrub","Sandy",1,5
361,"Polygon",362,27,"Sandy","Loamy","Deep sand",154795964.8,132,"PRGL2,ATCA2, ","PRGL2","ATCA2"," ",61344184.43,3232.382862,94796.14859,"shrub,shrub","shrub","shrub",NA,"Sandy",1,5
362,"Polygon",363,27,"Sandy","Loamy","Deep sand",154795964.8,133,"PRGL2,GUSA2, ","PRGL2","GUSA2"," ",39354090.54,25199.56358,2246912.68,"shrub,subshrub","shrub","subshrub",NA,"Sandy",1,6
363,"Polygon",364,27,"Sandy","Loamy","Deep sand",154795964.8,136,"PSSC6,SPFL2,YUEL","PSSC6","SPFL2","YUEL",796861.1881,3787.032837,226154.5948,"shrub,PG,succulent","shrub","PG","succulent","Sandy",1,4
364,"Polygon",365,27,"Sandy","Loamy","Deep sand",154795964.8,137,"PSSC6,YUEL,SPFL2","PSSC6","YUEL","SPFL2",1601384.945,6217.182482,1599385.842,"shrub,succulent,PG","shrub","succulent","PG","Sandy",1,5
365,"Polygon",366,27,"Sandy","Loamy","Deep sand",154795964.8,138,"SCBR2, , ","SCBR2"," "," ",1911456.447,17886.81298,1873927.551,"PG","PG",NA,NA,"Sandy",1,2
366,"Polygon",367,27,"Sandy","Loamy","Deep sand",154795964.8,139,"SCBR2,BOER4, ","SCBR2","BOER4"," ",484912.749,2945.040494,484912.749,"PG,PG","PG","PG",NA,"Sandy",1,2
367,"Polygon",368,27,"Sandy","Loamy","Deep sand",154795964.8,140,"SCBR2,BOER4,ARPU9","SCBR2","BOER4","ARPU9",335337.3538,2375.551586,309002.2468,"PG,PG,PG","PG","PG","PG","Sandy",1,2
368,"Polygon",369,27,"Sandy","Loamy","Deep sand",154795964.8,141,"SCBR2,BOER4,PLMU3","SCBR2","BOER4","PLMU3",1224557.212,6954.16711,1224557.212,"PG,PG,PG","PG","PG","PG","Sandy",1,2
369,"Polygon",370,27,"Sandy","Loamy","Deep sand",154795964.8,142,"SCBR2,FLCE, ","SCBR2","FLCE"," ",154354.5627,1937.099268,154354.5627,"PG,shrub","PG","shrub",NA,"Sandy",1,4
370,"Polygon",371,27,"Sandy","Loamy","Deep sand",154795964.8,143,"SCBR2,FLCE,PLMU3","SCBR2","FLCE","PLMU3",212469.5219,817.505948,24453.32727,"PG,shrub,PG","PG","shrub","PG","Sandy",1,4
371,"Polygon",372,27,"Sandy","Loamy","Deep sand",154795964.8,144,"SCBR2,FLCE,SPAI","SCBR2","FLCE","SPAI",921956.4758,5155.578499,921956.4758,"PG,shrub,PG","PG","shrub","PG","Sandy",1,4
372,"Polygon",373,27,"Sandy","Loamy","Deep sand",154795964.8,145,"SCBR2,KOSP, ","SCBR2","KOSP"," ",1174020.295,8295.233665,1045768.612,"PG,shrub","PG","shrub",NA,"Sandy",1,4
373,"Polygon",374,27,"Sandy","Loamy","Deep sand",154795964.8,146,"SCBR2,KOSP,PRGL2","SCBR2","KOSP","PRGL2",751580.3347,4268.046587,463855.301,"PG,shrub,shrub","PG","shrub","shrub","Sandy",1,4
374,"Polygon",375,27,"Sandy","Loamy","Deep sand",154795964.8,147,"SCBR2,PLMU3, ","SCBR2","PLMU3"," ",2426297.229,8818.373669,993672.0593,"PG,PG","PG","PG",NA,"Sandy",1,2
375,"Polygon",376,27,"Sandy","Loamy","Deep sand",154795964.8,148,"SCBR2,PLMU3,FLCE","SCBR2","PLMU3","FLCE",1716426.24,8740.360026,1562448.659,"PG,PG,shrub","PG","PG","shrub","Sandy",1,2
376,"Polygon",377,27,"Sandy","Loamy","Deep sand",154795964.8,149,"SCBR2,PLMU3,OPUNT","SCBR2","PLMU3","OPUNT",3546573.362,26178.01172,3500378.436,"PG,PG,succulent","PG","PG","succulent","Sandy",1,2
377,"Polygon",378,27,"Sandy","Loamy","Deep sand",154795964.8,150,"SCBR2,PLMU3,PRGL2","SCBR2","PLMU3","PRGL2",1038263.18,7254.610818,998146.9905,"PG,PG,shrub","PG","PG","shrub","Sandy",1,2
378,"Polygon",379,27,"Sandy","Loamy","Deep sand",154795964.8,151,"SCBR2,PRGL2, ","SCBR2","PRGL2"," ",37726.43016,768.294064,37726.43016,"PG,shrub","PG","shrub",NA,"Sandy",1,4
379,"Polygon",380,27,"Sandy","Loamy","Deep sand",154795964.8,152,"SCBR2,PRGL2,EPHEDRA","SCBR2","PRGL2","EPHEDRA",269978.5779,5492.193259,269978.5779,"PG,shrub,succulent","PG","shrub","succulent","Sandy",1,4
380,"Polygon",381,27,"Sandy","Loamy","Deep sand",154795964.8,153,"SCBR2,PRGL2,PLMU3","SCBR2","PRGL2","PLMU3",108854.5017,1393.922209,77446.43421,"PG,shrub,PG","PG","shrub","PG","Sandy",1,4
381,"Polygon",382,27,"Sandy","Loamy","Deep sand",154795964.8,154,"SCBR2,SPAI, ","SCBR2","SPAI"," ",185194.661,1640.84425,185194.661,"PG,PG","PG","PG",NA,"Sandy",1,2
382,"Polygon",383,27,"Sandy","Loamy","Deep sand",154795964.8,155,"SCBR2,SPAI,PLMU3","SCBR2","SPAI","PLMU3",464154.6361,3723.949169,235104.0862,"PG,PG,PG","PG","PG","PG","Sandy",1,2
383,"Polygon",384,27,"Sandy","Loamy","Deep sand",154795964.8,156,"SCBR2,SPAI,PRGL2","SCBR2","SPAI","PRGL2",301580.3026,3311.907522,301580.3026,"PG,PG,shrub","PG","PG","shrub","Sandy",1,2
384,"Polygon",385,27,"Sandy","Loamy","Deep sand",154795964.8,158,"SPAI, , ","SPAI"," "," ",154524.0585,243.344409,1189.826813,"PG","PG",NA,NA,"Sandy",1,2
385,"Polygon",386,27,"Sandy","Loamy","Deep sand",154795964.8,161,"SPFL2,ARPU9,YUEL","SPFL2","ARPU9","YUEL",7375763.938,18913.28561,1926005.742,"PG,PG,succulent","PG","PG","succulent","Sandy",1,2
386,"Polygon",387,27,"Sandy","Loamy","Deep sand",154795964.8,162,"SPFL2,GUSA2,PRGL2","SPFL2","GUSA2","PRGL2",884368.1104,3332.249432,493327.5385,"PG,subshrub,shrub","PG","subshrub","shrub","Sandy",1,2
387,"Polygon",388,27,"Sandy","Loamy","Deep sand",154795964.8,163,"SPORO,EPHEDRA, ","SPORO","EPHEDRA"," ",2321955.057,33263.38742,2308992.131,"PG,succulent","PG","succulent",NA,"Sandy",1,4
388,"Polygon",389,28,"Sandy","Shallow sandy"," ",15174053.53,3,"ARPU9,SPFL2, ","ARPU9","SPFL2"," ",583649.5255,1329.593453,31712.84843,"PG,PG","PG","PG",NA,"Sandy",1,2
389,"Polygon",390,28,"Sandy","Shallow sandy"," ",15174053.53,8,"BOER4,ARPU9,YUEL","BOER4","ARPU9","YUEL",1697371.497,5159.583236,1277041.142,"PG,PG,succulent","PG","PG","succulent","Sandy",1,2
390,"Polygon",391,28,"Sandy","Shallow sandy"," ",15174053.53,9,"BOER4,PRGL2,YUEL","BOER4","PRGL2","YUEL",1349749.198,2344.768781,95206.24858,"PG,shrub,succulent","PG","shrub","succulent","Sandy",1,4
391,"Polygon",392,28,"Sandy","Shallow sandy"," ",15174053.53,10,"BOER4,SCBR2,YUEL","BOER4","SCBR2","YUEL",206364.1524,2017.623258,206304.1621,"PG,PG,succulent","PG","PG","succulent","Sandy",1,2
392,"Polygon",393,28,"Sandy","Shallow sandy"," ",15174053.53,11,"BOER4,SPFL2,PRGL2","BOER4","SPFL2","PRGL2",3191301.946,3307.079247,391652.8472,"PG,PG,shrub","PG","PG","shrub","Sandy",1,2
393,"Polygon",394,28,"Sandy","Shallow sandy"," ",15174053.53,28,"FLCE,PLMU3,SCBR2","FLCE","PLMU3","SCBR2",7147095.878,4988.708585,323147.4046,"shrub,PG,PG","shrub","PG","PG","Sandy",1,4
394,"Polygon",395,28,"Sandy","Shallow sandy"," ",15174053.53,31,"FLCE,PRGL2,SCBR2","FLCE","PRGL2","SCBR2",523709.4407,1855.73549,112756.5652,"shrub,shrub,PG","shrub","shrub","PG","Sandy",1,4
395,"Polygon",396,28,"Sandy","Shallow sandy"," ",15174053.53,33,"FLCE,SCBR2,PLMU3","FLCE","SCBR2","PLMU3",17413694.84,381.551347,3788.428941,"shrub,PG,PG","shrub","PG","PG","Sandy",1,4
396,"Polygon",397,28,"Sandy","Shallow sandy"," ",15174053.53,34,"FLCE,SPAI,SCBR2","FLCE","SPAI","SCBR2",2576110.634,1210.760789,39481.15603,"shrub,PG,PG","shrub","PG","PG","Sandy",1,4
397,"Polygon",398,28,"Sandy","Shallow sandy"," ",15174053.53,78,"PRGL2,BOER4,YUEL","PRGL2","BOER4","YUEL",8985471.574,13406.19188,2696981.987,"shrub,PG,succulent","shrub","PG","succulent","Sandy",1,4
398,"Polygon",399,28,"Sandy","Shallow sandy"," ",15174053.53,80,"PRGL2,GUSA2, ","PRGL2","GUSA2"," ",254274.3534,136.353163,1044.117927,"shrub,subshrub","shrub","subshrub",NA,"Sandy",1,6
399,"Polygon",400,28,"Sandy","Shallow sandy"," ",15174053.53,89,"PRGL2,SCBR2, ","PRGL2","SCBR2"," ",418134.7967,1022.523346,42216.97369,"shrub,PG","shrub","PG",NA,"Sandy",1,4
400,"Polygon",401,28,"Sandy","Shallow sandy"," ",15174053.53,95,"PRGL2,YUEL,ARPU9","PRGL2","YUEL","ARPU9",3571571.024,2905.025552,458751.4381,"shrub,succulent,PG","shrub","succulent","PG","Sandy",1,5
401,"Polygon",402,28,"Sandy","Shallow sandy"," ",15174053.53,96,"PRGL2,YUEL,EPHEDRA","PRGL2","YUEL","EPHEDRA",119150.2092,947.129012,35779.19557,"shrub,succulent,succulent","shrub","succulent","succulent","Sandy",1,5
402,"Polygon",403,28,"Sandy","Shallow sandy"," ",15174053.53,98,"PRGL2,YUEL,FLCE","PRGL2","YUEL","FLCE",1557292.909,4460.352095,677831.3412,"shrub,succulent,shrub","shrub","succulent","shrub","Sandy",1,5
403,"Polygon",404,28,"Sandy","Shallow sandy"," ",15174053.53,99,"PRGL2,YUEL,GUSA2","PRGL2","YUEL","GUSA2",208405.5173,3013.289178,208405.5173,"shrub,succulent,subshrub","shrub","succulent","subshrub","Sandy",1,5
404,"Polygon",405,28,"Sandy","Shallow sandy"," ",15174053.53,100,"PRGL2,YUEL,SPFL2","PRGL2","YUEL","SPFL2",6825353.19,2367.79839,214701.9664,"shrub,succulent,PG","shrub","succulent","PG","Sandy",1,4
405,"Polygon",406,28,"Sandy","Shallow sandy"," ",15174053.53,101,"PRGL2, , ","PRGL2"," "," ",57616084.18,6359.800824,2381319.589,"shrub","shrub",NA,NA,"Sandy",1,6
406,"Polygon",407,28,"Sandy","Shallow sandy"," ",15174053.53,130,"PRGL2,YUEL,GUSA2","PRGL2","YUEL","GUSA2",12676395.23,16072.95224,2330868.564,"shrub,succulent,subshrub","shrub","succulent","subshrub","Sandy",1,5
407,"Polygon",408,28,"Sandy","Shallow sandy"," ",15174053.53,143,"SCBR2,FLCE,PLMU3","SCBR2","FLCE","PLMU3",212469.5219,2587.217026,188016.1944,"PG,shrub,PG","PG","shrub","PG","Sandy",1,2
408,"Polygon",409,28,"Sandy","Shallow sandy"," ",15174053.53,147,"SCBR2,PLMU3, ","SCBR2","PLMU3"," ",2426297.229,9416.20942,1110713.036,"PG,PG","PG","PG",NA,"Sandy",1,2
409,"Polygon",410,28,"Sandy","Shallow sandy"," ",15174053.53,148,"SCBR2,PLMU3,FLCE","SCBR2","PLMU3","FLCE",1716426.24,2171.1939,121167.6854,"PG,PG,shrub","PG","PG","shrub","Sandy",1,2
410,"Polygon",411,28,"Sandy","Shallow sandy"," ",15174053.53,155,"SCBR2,SPAI,PLMU3","SCBR2","SPAI","PLMU3",464154.6361,2432.932965,74469.41283,"PG,PG,PG","PG","PG","PG","Sandy",1,2
411,"Polygon",412,28,"Sandy","Shallow sandy"," ",15174053.53,159,"SPFL2,ARPU9, ","SPFL2","ARPU9"," ",251335.0229,599.377746,18633.19679,"PG,PG","PG","PG",NA,"Sandy",1,2
412,"Polygon",413,28,"Sandy","Shallow sandy"," ",15174053.53,160,"SPFL2,ARPU9,PRGL2","SPFL2","ARPU9","PRGL2",1203988.032,3598.647133,433764.6022,"PG,PG,shrub","PG","PG","shrub","Sandy",1,2
413,"Polygon",414,28,"Sandy","Shallow sandy"," ",15174053.53,161,"SPFL2,ARPU9,YUEL","SPFL2","ARPU9","YUEL",7375763.938,7072.818621,605165.5761,"PG,PG,succulent","PG","PG","succulent","Sandy",1,2
414,"Polygon",415,28,"Sandy","Shallow sandy"," ",15174053.53,165,"YUEL,PRGL2, ","YUEL","PRGL2"," ",414716.4026,912.953287,31144.95451,"succulent,shrub","succulent","shrub",NA,"Sandy",1,5
415,"Polygon",416,30,"Shallow sandy","Deep sand"," ",7013.853676,108,"PRGL2,ATCA2,FLCE","PRGL2","ATCA2","FLCE",1867270.281,423.901023,7013.853676,"shrub,shrub,shrub","shrub","shrub","shrub","Shallow Sandy",1,5
416,"Polygon",417,31,"Shallow sandy","Sandy"," ",25419663.04,9,"BOER4,PRGL2,YUEL","BOER4","PRGL2","YUEL",1349749.198,1188.558712,66349.78585,"PG,shrub,succulent","PG","shrub","succulent","Shallow Sandy",1,4
417,"Polygon",418,31,"Shallow sandy","Sandy"," ",25419663.04,11,"BOER4,SPFL2,PRGL2","BOER4","SPFL2","PRGL2",3191301.946,6302.268513,2031651.414,"PG,PG,shrub","PG","PG","shrub","Shalow Sandy",1,1
418,"Polygon",419,31,"Shallow sandy","Sandy"," ",25419663.04,75,"PRGL2,BOER4, ","PRGL2","BOER4"," ",2136391.017,9628.715595,739514.9744,"shrub,PG","shrub","PG",NA,"Shallow Sandy",1,4
419,"Polygon",420,31,"Shallow sandy","Sandy"," ",25419663.04,77,"PRGL2,BOER4,SPFL2","PRGL2","BOER4","SPFL2",3243984.413,12879.42705,2850105.656,"shrub,PG,PG","shrub","PG","PG","Shallow Sandy",1,4
420,"Polygon",421,31,"Shallow sandy","Sandy"," ",25419663.04,78,"PRGL2,BOER4,YUEL","PRGL2","BOER4","YUEL",8985471.574,8031.299573,1226510.491,"shrub,PG,succulent","shrub","PG","succulent","Shallow Sandy",1,4
421,"Polygon",422,31,"Shallow sandy","Sandy"," ",25419663.04,93,"PRGL2,SPFL2,GUSA2","PRGL2","SPFL2","GUSA2",21268255.85,5943.331514,400185.9083,"shrub,PG,subshrub","shrub","PG","subshrub","Shallow Sandy",1,4
422,"Polygon",423,31,"Shallow sandy","Sandy"," ",25419663.04,94,"PRGL2,SPFL2,YUEL","PRGL2","SPFL2","YUEL",10553949.99,13630.87236,4295333.619,"shrub,PG,succulent","shrub","PG","succulent","Shallow Sandy",1,4
423,"Polygon",424,31,"Shallow sandy","Sandy"," ",25419663.04,100,"PRGL2,YUEL,SPFL2","PRGL2","YUEL","SPFL2",6825353.19,4162.658987,603914.5118,"shrub,succulent,PG","shrub","succulent","PG","Shallow Sandy",1,5
424,"Polygon",425,31,"Shallow sandy","Sandy"," ",25419663.04,101,"PRGL2, , ","PRGL2"," "," ",57616084.18,2482.096229,210262.3409,"shrub","shrub",NA,NA,"Shallow Sandy",1,6
425,"Polygon",426,31,"Shallow sandy","Sandy"," ",25419663.04,107,"PRGL2,ATCA2, ","PRGL2","ATCA2"," ",9995894.241,11314.60605,2625955.078,"shrub,shrub","shrub","shrub",NA,"Shallow Sandy",1,5
426,"Polygon",427,31,"Shallow sandy","Sandy"," ",25419663.04,109,"PRGL2,ATCA2,GUSA2","PRGL2","ATCA2","GUSA2",6681452.926,10957.01645,2072015.711,"shrub,shrub,subshrub","shrub","shrub","subshrub","Shallow Sandy",1,5
427,"Polygon",428,31,"Shallow sandy","Sandy"," ",25419663.04,118,"PRGL2,GUSA2, ","PRGL2","GUSA2"," ",29724873.71,8304.988951,1466563.193,"shrub,subshrub","shrub","subshrub",NA,"Shallow Sandy",1,6
428,"Polygon",429,31,"Shallow sandy","Sandy"," ",25419663.04,126,"PRGL2,SPFL2, ","PRGL2","SPFL2"," ",61470.9562,659.200656,8847.930675,"shrub,PG","shrub","PG",NA,"Shallow Sandy",1,4
429,"Polygon",430,31,"Shallow sandy","Sandy"," ",25419663.04,127,"PRGL2,SPFL2,GUSA2","PRGL2","SPFL2","GUSA2",2072824.431,6123.515967,1003299.683,"shrub,PG,subshrub","shrub","PG","subshrub","Shallow Sandy",1,4
430,"Polygon",431,31,"Shallow sandy","Sandy"," ",25419663.04,128,"PRGL2,SPFL2,YUEL","PRGL2","SPFL2","YUEL",5514872.158,8049.984304,2440280.993,"shrub,PG,succulent","shrub","PG","succulent","Shallow Sandy",1,4
431,"Polygon",432,31,"Shallow sandy","Sandy"," ",25419663.04,130,"PRGL2,YUEL,GUSA2","PRGL2","YUEL","GUSA2",12676395.23,6955.646919,1673399.637,"shrub,succulent,subshrub","shrub","succulent","subshrub","Shallow Sandy",1,5
