OBJECTID,FID_Jornad,ecosite1,ecosite2,ecosite3,VegUnite,DOM1,DOM2,DOM3,FGUnite,Dom1FG,Dom2FG,Dom3FG,EcositeFinal,EcositeType,GeneralizedState
1,1, , , ,"DAFO,LATR2,COWA",DAFO,LATR2,COWA,"shrub,shrub,shrub",shrub,shrub,shrub,,,
2,2,Bottomland,Limy,Salt Flats,"ATCA2,PRGL2,PLMU3",ATCA2,PRGL2,PLMU3,"shrub,shrub,PG",shrub,shrub,PG,Bottomland,1,5
3,2,Bottomland,Limy,Salt Flats,"Bare, , ",Bare, , ,Bare,Bare,NA,NA,Bottomland,1,7
4,2,Bottomland,Limy,Salt Flats,"FLCE,LATR2,PLMU3",FLCE,LATR2,PLMU3,"shrub,shrub,PG",shrub,shrub,PG,Bottomland,1,5
5,2,Bottomland,Limy,Salt Flats,"FLCE,LATR2,PRGL2",FLCE,LATR2,PRGL2,"shrub,shrub,shrub",shrub,shrub,shrub,Bottomland,1,5
6,2,Bottomland,Limy,Salt Flats,"FLCE,PLMU3,PRGL2",FLCE,PLMU3,PRGL2,"shrub,PG,shrub",shrub,PG,shrub,Bottomland,1,4
7,2,Bottomland,Limy,Salt Flats,"LATR2,FLCE,PLMU3",LATR2,FLCE,PLMU3,"shrub,shrub,PG",shrub,shrub,PG,Bottomland,1,5
8,2,Bottomland,Limy,Salt Flats,"LATR2,FLCE,SCBR2",LATR2,FLCE,SCBR2,"shrub,shrub,PG",shrub,shrub,PG,Bottomland,1,5
9,2,Bottomland,Limy,Salt Flats,"LATR2,GUSA2,ERLE",LATR2,GUSA2,ERLE,"shrub,subshrub,Inv",shrub,subshrub,Inv,Bottomland,1,6
10,2,Bottomland,Limy,Salt Flats,"LATR2,MUPO2,PRGL2",LATR2,MUPO2,PRGL2,"shrub,PG,shrub",shrub,PG,shrub,Bottomland,1,4
11,2,Bottomland,Limy,Salt Flats,"LATR2,PLMU3,SCBR2",LATR2,PLMU3,SCBR2,"shrub,PG,PG",shrub,PG,PG,Bottomland,1,4
12,2,Bottomland,Limy,Salt Flats,"LATR2,PRGL2,FLCE",LATR2,PRGL2,FLCE,"shrub,shrub,shrub",shrub,shrub,shrub,Bottomland,1,5
13,2,Bottomland,Limy,Salt Flats,"LATR2,PRGL2,FLCE",LATR2,PRGL2,FLCE,"shrub,shrub,shrub",shrub,shrub,shrub,Bottomland,1,5
14,2,Bottomland,Limy,Salt Flats,"LATR2,SCBR2, ",LATR2,SCBR2, ,"shrub,PG",shrub,PG,NA,Bottomland,1,4
15,2,Bottomland,Limy,Salt Flats,"PLMU3,SCBR2, ",PLMU3,SCBR2, ,"PG,PG",PG,PG,NA,Bottomland,1,1
16,2,Bottomland,Limy,Salt Flats,"PLMU3,SCBR2,LATR2",PLMU3,SCBR2,LATR2,"PG,PG,shrub",PG,PG,shrub,Bottomland,1,1
17,2,Bottomland,Limy,Salt Flats,"PLMU3,SCBR2,PRGL2",PLMU3,SCBR2,PRGL2,"PG,PG,shrub",PG,PG,shrub,Bottomland,1,1
18,2,Bottomland,Limy,Salt Flats,"PRGL2,MUPO2,LATR2",PRGL2,MUPO2,LATR2,"shrub,PG,shrub",shrub,PG,shrub,Bottomland,1,4
19,2,Bottomland,Limy,Salt Flats,"PRGL2,PLMU3,MUPO2",PRGL2,PLMU3,MUPO2,"shrub,PG,PG",shrub,PG,PG,Bottomland,1,4
20,2,Bottomland,Limy,Salt Flats,"PRGL2,FLCE,LATR2",PRGL2,FLCE,LATR2,"shrub,shrub,shrub",shrub,shrub,shrub,Bottomland,1,5
21,2,Bottomland,Limy,Salt Flats,"PRGL2,LATR2,FLCE",PRGL2,LATR2,FLCE,"shrub,shrub,shrub",shrub,shrub,shrub,Bottomland,1,5
22,3,Clayey,Bottomland,Loamy,"ARPU9,SPFL2, ",ARPU9,SPFL2, ,"PG,PG",PG,PG,NA,Clayey,1,1
23,3,Clayey,Bottomland,Loamy,"Bare, , ",Bare, , ,Bare,Bare,NA,NA,Clayey,1,7
24,3,Clayey,Bottomland,Loamy,"FLCE,LATR2,PLMU3",FLCE,LATR2,PLMU3,"shrub,shrub,PG",shrub,shrub,PG,Clayey,1,5
25,3,Clayey,Bottomland,Loamy,"FLCE,PLMU3, ",FLCE,PLMU3, ,"shrub,PG",shrub,PG,NA,Clayey,1,4
26,3,Clayey,Bottomland,Loamy,"FLCE,PLMU3,SCBR2",FLCE,PLMU3,SCBR2,"shrub,PG,PG",shrub,PG,PG,Clayey,1,4
27,3,Clayey,Bottomland,Loamy,"FLCE,SCBR2, ",FLCE,SCBR2, ,"shrub,PG",shrub,PG,NA,Clayey,1,4
28,3,Clayey,Bottomland,Loamy,"FLCE,SCBR2,PLMU3",FLCE,SCBR2,PLMU3,"shrub,PG,PG",shrub,PG,PG,Clayey,1,4
29,3,Clayey,Bottomland,Loamy,"GUSA2,BOER4,YUEL",GUSA2,BOER4,YUEL,"subshrub,PG,succulent",subshrub,PG,succulent,Clayey,1,4
30,3,Clayey,Bottomland,Loamy,"LATR2,FLCE, ",LATR2,FLCE, ,"shrub,shrub",shrub,shrub,NA,Clayey,1,5
31,3,Clayey,Bottomland,Loamy,"LATR2,FLCE,MUPO2",LATR2,FLCE,MUPO2,"shrub,shrub,PG",shrub,shrub,PG,Clayey,1,5
32,3,Clayey,Bottomland,Loamy,"LATR2,FLCE,PLMU3",LATR2,FLCE,PLMU3,"shrub,shrub,PG",shrub,shrub,PG,Clayey,1,5
33,3,Clayey,Bottomland,Loamy,"PLMU3, , ",PLMU3, , ,PG,PG,NA,NA,Clayey,1,1
34,3,Clayey,Bottomland,Loamy,"PLMU3,MUPO2,FLCE",PLMU3,MUPO2,FLCE,"PG,PG,shrub",PG,PG,shrub,Clayey,1,4
35,3,Clayey,Bottomland,Loamy,"PLMU3,PRGL2,SCBR2",PLMU3,PRGL2,SCBR2,"PG,shrub,PG",PG,shrub,PG,Clayey,1,4
36,3,Clayey,Bottomland,Loamy,"PLMU3,SCBR2, ",PLMU3,SCBR2, ,"PG,PG",PG,PG,NA,Clayey,1,1
37,3,Clayey,Bottomland,Loamy,"PLMU3,SCBR2,FLCE",PLMU3,SCBR2,FLCE,"PG,PG,shrub",PG,PG,shrub,Clayey,1,1
38,3,Clayey,Bottomland,Loamy,"PLMU3,SCBR2,PRGL2",PLMU3,SCBR2,PRGL2,"PG,PG,shrub",PG,PG,shrub,Clayey,1,1
39,3,Clayey,Bottomland,Loamy,"PLMU3,SCBR2,YUEL",PLMU3,SCBR2,YUEL,"PG,PG,succulent",PG,PG,succulent,Clayey,1,1
40,3,Clayey,Bottomland,Loamy,"PRGL2,PLMU3, ",PRGL2,PLMU3, ,"shrub,PG",shrub,PG,NA,Clayey,1,4
41,3,Clayey,Bottomland,Loamy,"PRGL2,PLMU3,SCBR2",PRGL2,PLMU3,SCBR2,"shrub,PG,PG",shrub,PG,PG,Clayey,1,4
42,3,Clayey,Bottomland,Loamy,"PRGL2,PLMU3,SPAI",PRGL2,PLMU3,SPAI,"shrub,PG,PG",shrub,PG,PG,Clayey,1,4
43,3,Clayey,Bottomland,Loamy,"PRGL2,SCBR2, ",PRGL2,SCBR2, ,"shrub,PG",shrub,PG,NA,Clayey,1,4
44,3,Clayey,Bottomland,Loamy,"PRGL2,SCBR2,PLMU3",PRGL2,SCBR2,PLMU3,"shrub,PG,PG",shrub,PG,PG,Clayey,1,4
45,3,Clayey,Bottomland,Loamy,"PRGL2,YUEL,SPFL2",PRGL2,YUEL,SPFL2,"shrub,succulent,PG",shrub,succulent,PG,Clayey,1,5
46,3,Clayey,Bottomland,Loamy,"PRGL2, , ",PRGL2, , ,shrub,shrub,NA,NA,Clayey,1,6
47,3,Clayey,Bottomland,Loamy,"PRGL2,BOER4,GUSA2",PRGL2,BOER4,GUSA2,"shrub,PG,subshrub",shrub,PG,subshrub,Clayey,1,4
48,3,Clayey,Bottomland,Loamy,"PRGL2,GUSA2, ",PRGL2,GUSA2, ,"shrub,subshrub",shrub,subshrub,NA,Clayey,1,6
49,3,Clayey,Bottomland,Loamy,"PRGL2,GUSA2,YUEL",PRGL2,GUSA2,YUEL,"shrub,subshrub,succulent",shrub,subshrub,succulent,Clayey,1,6
50,3,Clayey,Bottomland,Loamy,"PRGL2,YUEL,ARPU9",PRGL2,YUEL,ARPU9,"shrub,succulent,PG",shrub,succulent,PG,Clayey,1,6
51,3,Clayey,Bottomland,Loamy,"PSSC6,YUEL,SPFL2",PSSC6,YUEL,SPFL2,"shrub,succulent,PG",shrub,succulent,PG,Clayey,1,6
52,3,Clayey,Bottomland,Loamy,"SCBR2, , ",SCBR2, , ,PG,PG,NA,NA,Clayey,1,2
53,3,Clayey,Bottomland,Loamy,"SCBR2,KOSP,PRGL2",SCBR2,KOSP,PRGL2,"PG,shrub,shrub",PG,shrub,shrub,Clayey,1,4
54,3,Clayey,Bottomland,Loamy,"SCBR2,PRGL2,PLMU3",SCBR2,PRGL2,PLMU3,"PG,shrub,PG",PG,shrub,PG,Clayey,1,4
55,3,Clayey,Bottomland,Loamy,"SPAI, , ",SPAI, , ,PG,PG,NA,NA,Clayey,1,1
56,4,Deep sand, , ,"LATR2,PRGL2,FLCE",LATR2,PRGL2,FLCE,"shrub,shrub,shrub",shrub,shrub,shrub,Deep Sand,2,5
57,4,Deep sand, , ,"PRGL2, , ",PRGL2, , ,shrub,shrub,NA,NA,Deep Sand,2,6
58,4,Deep sand, , ,"PRGL2,ATCA2, ",PRGL2,ATCA2, ,"shrub,shrub",shrub,shrub,NA,Deep Sand,2,5
59,4,Deep sand, , ,"PRGL2,GUSA2, ",PRGL2,GUSA2, ,"shrub,subshrub",shrub,subshrub,NA,Deep Sand,2,6
60,5,Deep sand,Sandy,Shallow sandy,"ARFI2,PRGL2,ARPU9",ARFI2,PRGL2,ARPU9,"shrub,shrub,PG",shrub,shrub,PG,Deep Sand,2,5
61,5,Deep sand,Sandy,Shallow sandy,"DAFO,LATR2,COWA",DAFO,LATR2,COWA,"shrub,shrub,shrub",shrub,shrub,shrub,Deep Sand,2,5
62,5,Deep sand,Sandy,Shallow sandy,"DAFO,LATR2,PAIN2",DAFO,LATR2,PAIN2,"shrub,shrub,shrub",shrub,shrub,shrub,Deep Sand,2,5
63,5,Deep sand,Sandy,Shallow sandy,"DAFO,PAIN2,LATR2",DAFO,PAIN2,LATR2,"shrub,shrub,shrub",shrub,shrub,shrub,Deep Sand,2,5
64,5,Deep sand,Sandy,Shallow sandy,"LATR2, , ",LATR2, , ,shrub,shrub,NA,NA,Deep Sand,2,6
65,5,Deep sand,Sandy,Shallow sandy,"LATR2,FLCE,PLMU3",LATR2,FLCE,PLMU3,"shrub,shrub,PG",shrub,shrub,PG,Deep Sand,2,5
66,5,Deep sand,Sandy,Shallow sandy,"LATR2,FLCE,PRGL2",LATR2,FLCE,PRGL2,"shrub,shrub,shrub",shrub,shrub,shrub,Deep Sand,2,5
67,5,Deep sand,Sandy,Shallow sandy,"LATR2,FLCE,SCBR2",LATR2,FLCE,SCBR2,"shrub,shrub,PG",shrub,shrub,PG,Deep Sand,2,5
68,5,Deep sand,Sandy,Shallow sandy,"LATR2,MUPO2,PRGL2",LATR2,MUPO2,PRGL2,"shrub,PG,shrub",shrub,PG,shrub,Deep Sand,2,3
69,5,Deep sand,Sandy,Shallow sandy,"LATR2,PRGL2,FLCE",LATR2,PRGL2,FLCE,"shrub,shrub,shrub",shrub,shrub,shrub,Deep Sand,2,5
70,5,Deep sand,Sandy,Shallow sandy,"LATR2,PRGL2, ",LATR2,PRGL2, ,"shrub,shrub",shrub,shrub,NA,Deep Sand,2,5
71,5,Deep sand,Sandy,Shallow sandy,"LATR2,PRGL2,FLCE",LATR2,PRGL2,FLCE,"shrub,shrub,shrub",shrub,shrub,shrub,Deep Sand,2,5
72,5,Deep sand,Sandy,Shallow sandy,"LATR2,THAC,PAIN2",LATR2,THAC,PAIN2,"shrub,forb,shrub",shrub,forb,shrub,Deep Sand,2,5
73,5,Deep sand,Sandy,Shallow sandy,"PRGL2, , ",PRGL2, , ,shrub,shrub,NA,NA,Deep Sand,2,6
74,5,Deep sand,Sandy,Shallow sandy,"PRGL2,ARFI2,ATCA2",PRGL2,ARFI2,ATCA2,"shrub,shrub,shrub",shrub,shrub,shrub,Deep Sand,2,5
75,5,Deep sand,Sandy,Shallow sandy,"PRGL2,ARFI2,QUERCUS",PRGL2,ARFI2,QUERCUS,"shrub,shrub,shrub",shrub,shrub,shrub,Deep Sand,2,5
76,5,Deep sand,Sandy,Shallow sandy,"PRGL2,ARFI2,SPFL2",PRGL2,ARFI2,SPFL2,"shrub,shrub,PG",shrub,shrub,PG,Deep Sand,2,5
77,5,Deep sand,Sandy,Shallow sandy,"PRGL2,ATCA2,GUSA2",PRGL2,ATCA2,GUSA2,"shrub,shrub,subshrub",shrub,shrub,subshrub,Deep Sand,2,5
78,5,Deep sand,Sandy,Shallow sandy,"PRGL2,FLCE,LATR2",PRGL2,FLCE,LATR2,"shrub,shrub,shrub",shrub,shrub,shrub,Deep Sand,2,5
79,5,Deep sand,Sandy,Shallow sandy,"PRGL2,LATR2, ",PRGL2,LATR2, ,"shrub,shrub",shrub,shrub,NA,Deep Sand,2,5
80,5,Deep sand,Sandy,Shallow sandy,"PRGL2,LATR2,FLCE",PRGL2,LATR2,FLCE,"shrub,shrub,shrub",shrub,shrub,shrub,Deep Sand,2,5
81,5,Deep sand,Sandy,Shallow sandy,"PRGL2,LATR2,MIACB",PRGL2,LATR2,MIACB,"shrub,shrub,shrub",shrub,shrub,shrub,Deep Sand,2,5
82,5,Deep sand,Sandy,Shallow sandy,"PRGL2, , ",PRGL2, , ,shrub,shrub,NA,NA,Deep Sand,2,6
83,5,Deep sand,Sandy,Shallow sandy,"PRGL2,ATCA2, ",PRGL2,ATCA2, ,"shrub,shrub",shrub,shrub,NA,Deep Sand,2,5
84,5,Deep sand,Sandy,Shallow sandy,"PRGL2,GUSA2, ",PRGL2,GUSA2, ,"shrub,subshrub",shrub,subshrub,NA,Deep Sand,2,5
85,6,Deep sand,Shallow sandy, ,"GUSA2,PRGL2,YUEL",GUSA2,PRGL2,YUEL,"subshrub,shrub,succulent",subshrub,shrub,succulent,Deep Sand,2,5
86,6,Deep sand,Shallow sandy, ,"PRGL2,GUSA2, ",PRGL2,GUSA2, ,"shrub,subshrub",shrub,subshrub,NA,Deep Sand,2,5
87,6,Deep sand,Shallow sandy, ,"PRGL2, , ",PRGL2, , ,shrub,shrub,NA,NA,Deep Sand,2,6
88,6,Deep sand,Shallow sandy, ,"PRGL2,ARPU9, ",PRGL2,ARPU9, ,"shrub,PG",shrub,PG,NA,Deep Sand,2,3
89,6,Deep sand,Shallow sandy, ,"PRGL2,ATCA2,YUEL",PRGL2,ATCA2,YUEL,"shrub,shrub,succulent",shrub,shrub,succulent,Deep Sand,2,5
90,6,Deep sand,Shallow sandy, ,"PRGL2,GUSA2, ",PRGL2,GUSA2, ,"shrub,subshrub",shrub,subshrub,NA,Deep Sand,2,6
91,6,Deep sand,Shallow sandy, ,"PRGL2,YUEL,GUSA2",PRGL2,YUEL,GUSA2,"shrub,succulent,subshrub",shrub,succulent,subshrub,Deep Sand,2,5
92,6,Deep sand,Shallow sandy, ,"YUEL,PRGL2, ",YUEL,PRGL2, ,"succulent,shrub",succulent,shrub,NA,Deep Sand,2,5
93,7,Deep sand,Shallow sandy,Deep sand,"PRGL2,GUSA2, ",PRGL2,GUSA2, ,"shrub,subshrub",shrub,subshrub,NA,Deep Sand,2,6
94,8,Deep sand,Shallow sandy,Shallow sandy,"GUSA2,PRGL2,YUEL",GUSA2,PRGL2,YUEL,"subshrub,shrub,succulent",subshrub,shrub,succulent,Deep Sand,2,5
95,8,Deep sand,Shallow sandy,Shallow sandy,"PRGL2,GUSA2, ",PRGL2,GUSA2, ,"shrub,subshrub",shrub,subshrub,NA,Deep Sand,2,5
96,8,Deep sand,Shallow sandy,Shallow sandy,"PRGL2,GUSA2, ",PRGL2,GUSA2, ,"shrub,subshrub",shrub,subshrub,NA,Deep Sand,2,5
97,8,Deep sand,Shallow sandy,Shallow sandy,"PRGL2,YUEL,GUSA2",PRGL2,YUEL,GUSA2,"shrub,succulent,subshrub",shrub,succulent,subshrub,Deep Sand,2,5
98,8,Deep sand,Shallow sandy,Shallow sandy,"YUEL,PRGL2, ",YUEL,PRGL2, ,"succulent,shrub",succulent,shrub,NA,Deep Sand,2,5
99,10,Draw,No ecosite, ,"ARFI2,PRGL2,ARPU9",ARFI2,PRGL2,ARPU9,"shrub,shrub,PG",shrub,shrub,PG,Draw,1,5
100,10,Draw,No ecosite, ,"DAFO,PAIN2,LATR2",DAFO,PAIN2,LATR2,"shrub,shrub,shrub",shrub,shrub,shrub,Draw,1,5
101,10,Draw,No ecosite, ,"LATR2, , ",LATR2, , ,shrub,shrub,NA,NA,Draw,1,6
102,10,Draw,No ecosite, ,"LATR2,FLCE,PLMU3",LATR2,FLCE,PLMU3,"shrub,shrub,PG",shrub,shrub,PG,Draw,1,5
103,10,Draw,No ecosite, ,"LATR2,FLCE,PRGL2",LATR2,FLCE,PRGL2,"shrub,shrub,shrub",shrub,shrub,shrub,Draw,1,5
104,10,Draw,No ecosite, ,"LATR2,MUPO2,PRGL2",LATR2,MUPO2,PRGL2,"shrub,PG,shrub",shrub,PG,shrub,Draw,1,4
105,10,Draw,No ecosite, ,"LATR2,PRGL2,FLCE",LATR2,PRGL2,FLCE,"shrub,shrub,shrub",shrub,shrub,shrub,Draw,1,5
106,10,Draw,No ecosite, ,"LATR2,PRGL2, ",LATR2,PRGL2, ,"shrub,shrub",shrub,shrub,NA,Draw,1,6
107,10,Draw,No ecosite, ,"LATR2,PRGL2,FLCE",LATR2,PRGL2,FLCE,"shrub,shrub,shrub",shrub,shrub,shrub,Draw,1,5
108,10,Draw,No ecosite, ,"LATR2,THAC,PAIN2",LATR2,THAC,PAIN2,"shrub,forb,shrub",shrub,forb,shrub,Draw,1,5
109,10,Draw,No ecosite, ,"PRGL2, , ",PRGL2, , ,shrub,shrub,NA,NA,Draw,1,6
110,10,Draw,No ecosite, ,"PRGL2,ARFI2,ATCA2",PRGL2,ARFI2,ATCA2,"shrub,shrub,shrub",shrub,shrub,shrub,Draw,1,5
111,10,Draw,No ecosite, ,"PRGL2,ARFI2,QUERCUS",PRGL2,ARFI2,QUERCUS,"shrub,shrub,shrub",shrub,shrub,shrub,Draw,1,5
112,10,Draw,No ecosite, ,"PRGL2,ATCA2,GUSA2",PRGL2,ATCA2,GUSA2,"shrub,shrub,subshrub",shrub,shrub,subshrub,Draw,1,5
113,10,Draw,No ecosite, ,"PRGL2,ATCA2, ",PRGL2,ATCA2, ,"shrub,shrub",shrub,shrub,NA,Draw,1,5
114,10,Draw,No ecosite, ,"PRGL2,GUSA2, ",PRGL2,GUSA2, ,"shrub,subshrub",shrub,subshrub,NA,Draw,1,5
115,11,Draw,Shallow sandy, ,"LATR2,PRGL2,FLCE",LATR2,PRGL2,FLCE,"shrub,shrub,shrub",shrub,shrub,shrub,Draw,1,5
116,12,Gravelly, , ,"LATR2,PRGL2,FLCE",LATR2,PRGL2,FLCE,"shrub,shrub,shrub",shrub,shrub,shrub,Gravelly,2,5
117,12,Gravelly, , ,"LATR2,THAC,PAIN2",LATR2,THAC,PAIN2,"shrub,forb,shrub",shrub,forb,shrub,Gravelly,2,5
118,12,Gravelly, , ,"PRGL2,ARFI2,ATCA2",PRGL2,ARFI2,ATCA2,"shrub,shrub,shrub",shrub,shrub,shrub,Gravelly,2,5
119,12,Gravelly, , ,"PRGL2,ARFI2,QUERCUS",PRGL2,ARFI2,QUERCUS,"shrub,shrub,shrub",shrub,shrub,shrub,Gravelly,2,5
120,13,Gravelly,Loamy, ,"FLCE,LATR2,PLMU3",FLCE,LATR2,PLMU3,"shrub,shrub,PG",shrub,shrub,PG,Gravelly,2,5
121,13,Gravelly,Loamy, ,"FLCE,LATR2,PRGL2",FLCE,LATR2,PRGL2,"shrub,shrub,shrub",shrub,shrub,shrub,Gravelly,2,5
122,13,Gravelly,Loamy, ,"FLCE,PLMU3,PRGL2",FLCE,PLMU3,PRGL2,"shrub,PG,shrub",shrub,PG,shrub,Gravelly,2,3
123,13,Gravelly,Loamy, ,"LATR2,COWA,MUPO2",LATR2,COWA,MUPO2,"shrub,shrub,PG",shrub,shrub,PG,Gravelly,2,5
124,13,Gravelly,Loamy, ,"LATR2,FLCE,PLMU3",LATR2,FLCE,PLMU3,"shrub,shrub,PG",shrub,shrub,PG,Gravelly,2,5
125,13,Gravelly,Loamy, ,"LATR2,MUPO2,PRGL2",LATR2,MUPO2,PRGL2,"shrub,PG,shrub",shrub,PG,shrub,Gravelly,2,3
126,13,Gravelly,Loamy, ,"LATR2,PLMU3,SCBR2",LATR2,PLMU3,SCBR2,"shrub,PG,PG",shrub,PG,PG,Gravelly,2,3
127,13,Gravelly,Loamy, ,"LATR2,PRGL2,COWA",LATR2,PRGL2,COWA,"shrub,shrub,shrub",shrub,shrub,shrub,Gravelly,2,5
128,13,Gravelly,Loamy, ,"LATR2,PRGL2,FLCE",LATR2,PRGL2,FLCE,"shrub,shrub,shrub",shrub,shrub,shrub,Gravelly,2,5
129,13,Gravelly,Loamy, ,"LATR2,SCBR2, ",LATR2,SCBR2, ,"shrub,PG",shrub,PG,NA,Gravelly,2,3
130,13,Gravelly,Loamy, ,"PLMU3,SCBR2,PRGL2",PLMU3,SCBR2,PRGL2,"PG,PG,shrub",PG,PG,shrub,Gravelly,2,3
131,14,Gravelly,No ecosite, ,"LATR2,FLCE,PLMU3",LATR2,FLCE,PLMU3,"shrub,shrub,PG",shrub,shrub,PG,Gravelly,2,5
132,14,Gravelly,No ecosite, ,"LATR2,PRGL2,FLCE",LATR2,PRGL2,FLCE,"shrub,shrub,shrub",shrub,shrub,shrub,Gravelly,2,5
133,15,Gravelly,Shallow sandy, ,"LATR2,FLCE,MUPO2",LATR2,FLCE,MUPO2,"shrub,shrub,PG",shrub,shrub,PG,Gravelly,2,5
134,15,Gravelly,Shallow sandy, ,"LATR2,FLCE,PLMU3",LATR2,FLCE,PLMU3,"shrub,shrub,PG",shrub,shrub,PG,Gravelly,2,5
135,16,Gravelly,Shallow sandy, ,"FLCE,LATR2,LYBE",FLCE,LATR2,LYBE,"shrub,shrub,shrub",shrub,shrub,shrub,Gravelly,2,5
136,16,Gravelly,Shallow sandy, ,"FLCE,LATR2,PLMU3",FLCE,LATR2,PLMU3,"shrub,shrub,PG",shrub,shrub,PG,Gravelly,2,5
137,16,Gravelly,Shallow sandy, ,"LATR2,FLCE,MUPO2",LATR2,FLCE,MUPO2,"shrub,shrub,PG",shrub,shrub,PG,Gravelly,2,5
138,16,Gravelly,Shallow sandy, ,"LATR2,FLCE,PLMU3",LATR2,FLCE,PLMU3,"shrub,shrub,PG",shrub,shrub,PG,Gravelly,2,5
139,16,Gravelly,Shallow sandy, ,"LATR2,FLCE,PRGL2",LATR2,FLCE,PRGL2,"shrub,shrub,shrub",shrub,shrub,shrub,Gravelly,2,5
140,16,Gravelly,Shallow sandy, ,"LATR2,PRGL2,FLCE",LATR2,PRGL2,FLCE,"shrub,shrub,shrub",shrub,shrub,shrub,Gravelly,2,5
141,16,Gravelly,Shallow sandy, ,"PLMU3,MUPO2,LATR2",PLMU3,MUPO2,LATR2,"PG,PG,shrub",PG,PG,shrub,Gravelly,2,3
142,18,Limestone hills,No ecosite, ,"ARFI2,PRGL2,ARPU9",ARFI2,PRGL2,ARPU9,"shrub,shrub,PG",shrub,shrub,PG,Limestone Hills,2,5
143,18,Limestone hills,No ecosite, ,"DAFO,LATR2,COWA",DAFO,LATR2,COWA,"shrub,shrub,shrub",shrub,shrub,shrub,Limestone Hills,2,5
144,18,Limestone hills,No ecosite, ,"DAFO,LATR2,PAIN2",DAFO,LATR2,PAIN2,"shrub,shrub,shrub",shrub,shrub,shrub,Limestone Hills,2,5
145,18,Limestone hills,No ecosite, ,"DAFO,PAIN2,LATR2",DAFO,PAIN2,LATR2,"shrub,shrub,shrub",shrub,shrub,shrub,Limestone Hills,2,5
146,18,Limestone hills,No ecosite, ,"LATR2, , ",LATR2, , ,shrub,shrub,NA,NA,Limestone Hills,2,6
147,18,Limestone hills,No ecosite, ,"LATR2,FLCE,PRGL2",LATR2,FLCE,PRGL2,"shrub,shrub,shrub",shrub,shrub,shrub,Limestone Hills,2,5
148,18,Limestone hills,No ecosite, ,"LATR2,PRGL2,FLCE",LATR2,PRGL2,FLCE,"shrub,shrub,shrub",shrub,shrub,shrub,Limestone Hills,2,5
149,18,Limestone hills,No ecosite, ,"LATR2,PRGL2,FLCE",LATR2,PRGL2,FLCE,"shrub,shrub,shrub",shrub,shrub,shrub,Limestone Hills,2,5
150,18,Limestone hills,No ecosite, ,"LATR2,THAC,PAIN2",LATR2,THAC,PAIN2,"shrub,forb,shrub",shrub,forb,shrub,Limestone Hills,2,5
151,18,Limestone hills,No ecosite, ,"PRGL2,ARFI2,ATCA2",PRGL2,ARFI2,ATCA2,"shrub,shrub,shrub",shrub,shrub,shrub,Limestone Hills,2,5
152,18,Limestone hills,No ecosite, ,"PRGL2,ARFI2,QUERCUS",PRGL2,ARFI2,QUERCUS,"shrub,shrub,shrub",shrub,shrub,shrub,Limestone Hills,2,5
153,18,Limestone hills,No ecosite, ,"PRGL2,ARFI2,SPFL2",PRGL2,ARFI2,SPFL2,"shrub,shrub,PG",shrub,shrub,PG,Limestone Hills,2,5
154,18,Limestone hills,No ecosite, ,"PRGL2,ATCA2,GUSA2",PRGL2,ATCA2,GUSA2,"shrub,shrub,subshrub",shrub,shrub,subshrub,Limestone Hills,2,5
155,18,Limestone hills,No ecosite, ,"PRGL2, , ",PRGL2, , ,shrub,shrub,NA,NA,Limestone Hills,2,6
156,18,Limestone hills,No ecosite, ,"PRGL2,ATCA2, ",PRGL2,ATCA2, ,"shrub,shrub",shrub,shrub,NA,Limestone Hills,2,5
157,19,Loamy, , ,"FLCE,LATR2,PLMU3",FLCE,LATR2,PLMU3,"shrub,shrub,PG",shrub,shrub,PG,Loamy,1,5
158,19,Loamy, , ,"LATR2,FLCE,PLMU3",LATR2,FLCE,PLMU3,"shrub,shrub,PG",shrub,shrub,PG,Loamy,1,5
159,19,Loamy, , ,"LATR2,GUSA2,ERLE",LATR2,GUSA2,ERLE,"shrub,subshrub,Inv",shrub,subshrub,Inv,Loamy,1,6
160,19,Loamy, , ,"LATR2,MUPO2,PRGL2",LATR2,MUPO2,PRGL2,"shrub,PG,shrub",shrub,PG,shrub,Loamy,1,4
161,19,Loamy, , ,"LATR2,PRGL2,FLCE",LATR2,PRGL2,FLCE,"shrub,shrub,shrub",shrub,shrub,shrub,Loamy,1,5
162,19,Loamy, , ,"LATR2,SCBR2, ",LATR2,SCBR2, ,"shrub,PG",shrub,PG,NA,Loamy,1,4
163,19,Loamy, , ,"PRGL2,MUPO2,LATR2",PRGL2,MUPO2,LATR2,"shrub,PG,shrub",shrub,PG,shrub,Loamy,1,4
164,19,Loamy, , ,"PRGL2,PLMU3,MUPO2",PRGL2,PLMU3,MUPO2,"shrub,PG,PG",shrub,PG,PG,Loamy,1,4
165,22,Sandy, , ,"PRGL2,ARPU9,GUSA2",PRGL2,ARPU9,GUSA2,"shrub,PG,subshrub",shrub,PG,subshrub,Sandy,1,4
166,22,Sandy, , ,"PRGL2,PLMU3,SPAI",PRGL2,PLMU3,SPAI,"shrub,PG,PG",shrub,PG,PG,Sandy,1,4
167,22,Sandy, , ,"PRGL2,YUEL,ARPU9",PRGL2,YUEL,ARPU9,"shrub,succulent,PG",shrub,succulent,PG,Sandy,1,5
168,22,Sandy, , ,"PRGL2,ARPU9, ",PRGL2,ARPU9, ,"shrub,PG",shrub,PG,NA,Sandy,1,4
169,23,Sandy, , ,"LATR2,FLCE,PLMU3",LATR2,FLCE,PLMU3,"shrub,shrub,PG",shrub,shrub,PG,Sandy,1,5
170,23,Sandy, , ,"LATR2,PRGL2,FLCE",LATR2,PRGL2,FLCE,"shrub,shrub,shrub",shrub,shrub,shrub,Sandy,1,5
171,23,Sandy, , ,"LATR2,PRGL2,FLCE",LATR2,PRGL2,FLCE,"shrub,shrub,shrub",shrub,shrub,shrub,Sandy,1,5
172,23,Sandy, , ,"LATR2,SCBR2, ",LATR2,SCBR2, ,"shrub,PG",shrub,PG,NA,Sandy,1,4
173,24,Sandy,Deep sand, ,"ARPU9,SPFL2, ",ARPU9,SPFL2, ,"PG,PG",PG,PG,NA,Sandy,1,2
174,24,Sandy,Deep sand, ,"ATCA2,FLCE,PRGL2",ATCA2,FLCE,PRGL2,"shrub,shrub,shrub",shrub,shrub,shrub,Sandy,1,5
175,24,Sandy,Deep sand, ,"BOER4,ARPU9,YUEL",BOER4,ARPU9,YUEL,"PG,PG,succulent",PG,PG,succulent,Sandy,1,1
176,24,Sandy,Deep sand, ,"BOER4,SCBR2,YUEL",BOER4,SCBR2,YUEL,"PG,PG,succulent",PG,PG,succulent,Sandy,1,1
177,24,Sandy,Deep sand, ,"BOER4,SPFL2,PRGL2",BOER4,SPFL2,PRGL2,"PG,PG,shrub",PG,PG,shrub,Sandy,1,1
178,24,Sandy,Deep sand, ,"EPHEDRA,PRGL2,YUEL",EPHEDRA,PRGL2,YUEL,"succulent,shrub,succulent",succulent,shrub,succulent,Sandy,1,5
179,24,Sandy,Deep sand, ,"EPHEDRA,PRGL2,YUEL",EPHEDRA,PRGL2,YUEL,"succulent,shrub,succulent",succulent,shrub,succulent,Sandy,1,5
180,24,Sandy,Deep sand, ,"ERLE,SPFL2,YUEL",ERLE,SPFL2,YUEL,"Inv,PG,succulent",Inv,PG,succulent,Sandy,1,9
181,24,Sandy,Deep sand, ,"FLCE,PLMU3,SCBR2",FLCE,PLMU3,SCBR2,"shrub,PG,PG",shrub,PG,PG,Sandy,1,4
182,24,Sandy,Deep sand, ,"FLCE,SCBR2,PLMU3",FLCE,SCBR2,PLMU3,"shrub,PG,PG",shrub,PG,PG,Sandy,1,4
183,24,Sandy,Deep sand, ,"FLCE,SPAI,SCBR2",FLCE,SPAI,SCBR2,"shrub,PG,PG",shrub,PG,PG,Sandy,1,4
184,24,Sandy,Deep sand, ,"GUSA2,BOER4,YUEL",GUSA2,BOER4,YUEL,"subshrub,PG,succulent",subshrub,PG,succulent,Sandy,1,4
185,24,Sandy,Deep sand, ,"GUSA2,SPFL2,PRGL2",GUSA2,SPFL2,PRGL2,"subshrub,PG,shrub",subshrub,PG,shrub,Sandy,1,4
186,24,Sandy,Deep sand, ,"LATR2,FLCE,PRGL2",LATR2,FLCE,PRGL2,"shrub,shrub,shrub",shrub,shrub,shrub,Sandy,1,5
187,24,Sandy,Deep sand, ,"LATR2,PRGL2, ",LATR2,PRGL2, ,"shrub,shrub",shrub,shrub,NA,Sandy,1,5
188,24,Sandy,Deep sand, ,"LATR2,PRGL2,FLCE",LATR2,PRGL2,FLCE,"shrub,shrub,shrub",shrub,shrub,shrub,Sandy,1,5
189,24,Sandy,Deep sand, ,"PLMU3, , ",PLMU3, , ,PG,PG,NA,NA,Sandy,1,2
190,24,Sandy,Deep sand, ,"PLMU3,FLCE,SCBR2",PLMU3,FLCE,SCBR2,"PG,shrub,PG",PG,shrub,PG,Sandy,1,4
191,24,Sandy,Deep sand, ,"PLMU3,MUPO2,FLCE",PLMU3,MUPO2,FLCE,"PG,PG,shrub",PG,PG,shrub,Sandy,1,2
192,24,Sandy,Deep sand, ,"PLMU3,PRGL2, ",PLMU3,PRGL2, ,"PG,shrub",PG,shrub,NA,Sandy,1,4
193,24,Sandy,Deep sand, ,"PLMU3,SCBR2, ",PLMU3,SCBR2, ,"PG,PG",PG,PG,NA,Sandy,1,2
194,24,Sandy,Deep sand, ,"PLMU3,SCBR2,FLCE",PLMU3,SCBR2,FLCE,"PG,PG,shrub",PG,PG,shrub,Sandy,1,2
195,24,Sandy,Deep sand, ,"PLMU3,SCBR2,PRGL2",PLMU3,SCBR2,PRGL2,"PG,PG,shrub",PG,PG,shrub,Sandy,1,4
196,24,Sandy,Deep sand, ,"PRGL2,ARPU9,YUEL",PRGL2,ARPU9,YUEL,"shrub,PG,succulent",shrub,PG,succulent,Sandy,1,4
197,24,Sandy,Deep sand, ,"PRGL2,BOER4, ",PRGL2,BOER4, ,"shrub,PG",shrub,PG,NA,Sandy,1,4
198,24,Sandy,Deep sand, ,"PRGL2,BOER4,SPFL2",PRGL2,BOER4,SPFL2,"shrub,PG,PG",shrub,PG,PG,Sandy,1,4
199,24,Sandy,Deep sand, ,"PRGL2,FLCE,PLMU3",PRGL2,FLCE,PLMU3,"shrub,shrub,PG",shrub,shrub,PG,Sandy,1,5
200,24,Sandy,Deep sand, ,"PRGL2,LATR2,FLCE",PRGL2,LATR2,FLCE,"shrub,shrub,shrub",shrub,shrub,shrub,Sandy,1,5
201,24,Sandy,Deep sand, ,"PRGL2,PLMU3, ",PRGL2,PLMU3, ,"shrub,PG",shrub,PG,NA,Sandy,1,4
202,24,Sandy,Deep sand, ,"PRGL2,PLMU3,SCBR2",PRGL2,PLMU3,SCBR2,"shrub,PG,PG",shrub,PG,PG,Sandy,1,4
203,24,Sandy,Deep sand, ,"PRGL2,PLMU3,SPAI",PRGL2,PLMU3,SPAI,"shrub,PG,PG",shrub,PG,PG,Sandy,1,4
204,24,Sandy,Deep sand, ,"PRGL2,SCBR2, ",PRGL2,SCBR2, ,"shrub,PG",shrub,PG,NA,Sandy,1,4
205,24,Sandy,Deep sand, ,"PRGL2,SCBR2,PLMU3",PRGL2,SCBR2,PLMU3,"shrub,PG,PG",shrub,PG,PG,Sandy,1,4
206,24,Sandy,Deep sand, ,"PRGL2,SPFL2, ",PRGL2,SPFL2, ,"shrub,PG",shrub,PG,NA,Sandy,1,4
207,24,Sandy,Deep sand, ,"PRGL2,SPFL2,GUSA2",PRGL2,SPFL2,GUSA2,"shrub,PG,subshrub",shrub,PG,subshrub,Sandy,1,4
208,24,Sandy,Deep sand, ,"PRGL2,SPFL2,YUEL",PRGL2,SPFL2,YUEL,"shrub,PG,succulent",shrub,PG,succulent,Sandy,1,4
209,24,Sandy,Deep sand, ,"PRGL2,YUEL,ERLE",PRGL2,YUEL,ERLE,"shrub,succulent,Inv",shrub,succulent,Inv,Sandy,1,5
210,24,Sandy,Deep sand, ,"PRGL2,YUEL,FLCE",PRGL2,YUEL,FLCE,"shrub,succulent,shrub",shrub,succulent,shrub,Sandy,1,5
211,24,Sandy,Deep sand, ,"PRGL2,YUEL,SPFL2",PRGL2,YUEL,SPFL2,"shrub,succulent,PG",shrub,succulent,PG,Sandy,1,5
212,24,Sandy,Deep sand, ,"PRGL2, , ",PRGL2, , ,shrub,shrub,NA,NA,Sandy,1,6
213,24,Sandy,Deep sand, ,"PRGL2,ARPU9, ",PRGL2,ARPU9, ,"shrub,PG",shrub,PG,NA,Sandy,1,4
214,24,Sandy,Deep sand, ,"PRGL2,ARPU9,GUSA2",PRGL2,ARPU9,GUSA2,"shrub,PG,subshrub",shrub,PG,subshrub,Sandy,1,4
215,24,Sandy,Deep sand, ,"PRGL2,ATCA2, ",PRGL2,ATCA2, ,"shrub,shrub",shrub,shrub,NA,Sandy,1,5
216,24,Sandy,Deep sand, ,"PRGL2,ATCA2,FLCE",PRGL2,ATCA2,FLCE,"shrub,shrub,shrub",shrub,shrub,shrub,Sandy,1,5
217,24,Sandy,Deep sand, ,"PRGL2,ATCA2,GUSA2",PRGL2,ATCA2,GUSA2,"shrub,shrub,subshrub",shrub,shrub,subshrub,Sandy,1,5
218,24,Sandy,Deep sand, ,"PRGL2,ATCA2,PLMU3",PRGL2,ATCA2,PLMU3,"shrub,shrub,PG",shrub,shrub,PG,Sandy,1,5
219,24,Sandy,Deep sand, ,"PRGL2,ATCA2,SPAI",PRGL2,ATCA2,SPAI,"shrub,shrub,PG",shrub,shrub,PG,Sandy,1,5
220,24,Sandy,Deep sand, ,"PRGL2,ATCA2,YUEL",PRGL2,ATCA2,YUEL,"shrub,shrub,succulent",shrub,shrub,succulent,Sandy,1,5
221,24,Sandy,Deep sand, ,"PRGL2,BOER4,GUSA2",PRGL2,BOER4,GUSA2,"shrub,PG,subshrub",shrub,PG,subshrub,Sandy,1,4
222,24,Sandy,Deep sand, ,"PRGL2,CELA,SCBR2",PRGL2,CELA,SCBR2,"shrub,shrub,PG",shrub,shrub,PG,Sandy,1,5
223,24,Sandy,Deep sand, ,"PRGL2,FLCE,ATCA2",PRGL2,FLCE,ATCA2,"shrub,shrub,shrub",shrub,shrub,shrub,Sandy,1,5
224,24,Sandy,Deep sand, ,"PRGL2,GUSA2, ",PRGL2,GUSA2, ,"shrub,subshrub",shrub,subshrub,NA,Sandy,1,6
225,24,Sandy,Deep sand, ,"PRGL2,GUSA2,YUEL",PRGL2,GUSA2,YUEL,"shrub,subshrub,succulent",shrub,subshrub,succulent,Sandy,1,5
226,24,Sandy,Deep sand, ,"PRGL2,LATR2, ",PRGL2,LATR2, ,"shrub,shrub",shrub,shrub,NA,Sandy,1,6
227,24,Sandy,Deep sand, ,"PRGL2,LATR2,FLCE",PRGL2,LATR2,FLCE,"shrub,shrub,shrub",shrub,shrub,shrub,Sandy,1,5
228,24,Sandy,Deep sand, ,"PRGL2,PSSC6, ",PRGL2,PSSC6, ,"shrub,shrub",shrub,shrub,NA,Sandy,1,6
229,24,Sandy,Deep sand, ,"PRGL2,SCBR2,PLMU3",PRGL2,SCBR2,PLMU3,"shrub,PG,PG",shrub,PG,PG,Sandy,1,4
230,24,Sandy,Deep sand, ,"PRGL2,SPFL2, ",PRGL2,SPFL2, ,"shrub,PG",shrub,PG,NA,Sandy,1,4
231,24,Sandy,Deep sand, ,"PRGL2,SPFL2,GUSA2",PRGL2,SPFL2,GUSA2,"shrub,PG,subshrub",shrub,PG,subshrub,Sandy,1,4
232,24,Sandy,Deep sand, ,"PRGL2,SPFL2,YUEL",PRGL2,SPFL2,YUEL,"shrub,PG,succulent",shrub,PG,succulent,Sandy,1,4
233,24,Sandy,Deep sand, ,"PRGL2,YUEL,ARPU9",PRGL2,YUEL,ARPU9,"shrub,succulent,PG",shrub,succulent,PG,Sandy,1,5
234,24,Sandy,Deep sand, ,"PRGL2,YUEL,GUSA2",PRGL2,YUEL,GUSA2,"shrub,succulent,subshrub",shrub,succulent,subshrub,Sandy,1,5
235,24,Sandy,Deep sand, ,"PRGL2, , ",PRGL2, , ,shrub,shrub,NA,NA,Sandy,1,6
236,24,Sandy,Deep sand, ,"PRGL2,ATCA2, ",PRGL2,ATCA2, ,"shrub,shrub",shrub,shrub,NA,Sandy,1,5
237,24,Sandy,Deep sand, ,"PRGL2,GUSA2, ",PRGL2,GUSA2, ,"shrub,subshrub",shrub,subshrub,NA,Sandy,1,6
238,24,Sandy,Deep sand, ,"PSSC6,PRGL2,ARFI2",PSSC6,PRGL2,ARFI2,"shrub,shrub,shrub",shrub,shrub,shrub,Sandy,1,5
239,24,Sandy,Deep sand, ,"PSSC6,PRGL2,GUSA2",PSSC6,PRGL2,GUSA2,"shrub,shrub,subshrub",shrub,shrub,subshrub,Sandy,1,5
240,24,Sandy,Deep sand, ,"PSSC6,SPFL2,YUEL",PSSC6,SPFL2,YUEL,"shrub,PG,succulent",shrub,PG,succulent,Sandy,1,4
241,24,Sandy,Deep sand, ,"SCBR2,BOER4,ARPU9",SCBR2,BOER4,ARPU9,"PG,PG,PG",PG,PG,PG,Sandy,1,2
242,24,Sandy,Deep sand, ,"SCBR2,KOSP, ",SCBR2,KOSP, ,"PG,shrub",PG,shrub,NA,Sandy,1,4
243,24,Sandy,Deep sand, ,"SCBR2,PLMU3, ",SCBR2,PLMU3, ,"PG,PG",PG,PG,NA,Sandy,1,2
244,24,Sandy,Deep sand, ,"SCBR2,PLMU3,FLCE",SCBR2,PLMU3,FLCE,"PG,PG,shrub",PG,PG,shrub,Sandy,1,2
245,24,Sandy,Deep sand, ,"SCBR2,PLMU3,OPUNT",SCBR2,PLMU3,OPUNT,"PG,PG,succulent",PG,PG,succulent,Sandy,1,2
246,24,Sandy,Deep sand, ,"SCBR2,PLMU3,PRGL2",SCBR2,PLMU3,PRGL2,"PG,PG,shrub",PG,PG,shrub,Sandy,1,2
247,24,Sandy,Deep sand, ,"SCBR2,SPAI,PLMU3",SCBR2,SPAI,PLMU3,"PG,PG,PG",PG,PG,PG,Sandy,1,2
248,24,Sandy,Deep sand, ,"SCBR2,SPFL2,FLCE",SCBR2,SPFL2,FLCE,"PG,PG,shrub",PG,PG,shrub,Sandy,1,2
249,24,Sandy,Deep sand, ,"SPFL2,ARPU9, ",SPFL2,ARPU9, ,"PG,PG",PG,PG,NA,Sandy,1,2
250,24,Sandy,Deep sand, ,"SPFL2,ARPU9,PRGL2",SPFL2,ARPU9,PRGL2,"PG,PG,shrub",PG,PG,shrub,Sandy,1,2
251,24,Sandy,Deep sand, ,"SPFL2,ARPU9,YUEL",SPFL2,ARPU9,YUEL,"PG,PG,succulent",PG,PG,succulent,Sandy,1,2
252,24,Sandy,Deep sand, ,"SPFL2,GUSA2,PRGL2",SPFL2,GUSA2,PRGL2,"PG,subshrub,shrub",PG,subshrub,shrub,Sandy,1,2
253,24,Sandy,Deep sand, ,"SPORO,EPHEDRA, ",SPORO,EPHEDRA, ,"PG,succulent",PG,succulent,NA,Sandy,1,4
254,24,Sandy,Deep sand, ,"YUEL,PRGL2,GUSA2",YUEL,PRGL2,GUSA2,"succulent,shrub,subshrub",succulent,shrub,subshrub,Sandy,1,4
255,24,Sandy,Deep sand, ,"YUEL,PRGL2, ",YUEL,PRGL2, ,"succulent,shrub",succulent,shrub,NA,Sandy,1,5
256,25,Sandy,Deep sand,Shallow sandy,"ARPU9,PLMU3,PRGL2",ARPU9,PLMU3,PRGL2,"PG,PG,shrub",PG,PG,shrub,Sandy,1,2
257,25,Sandy,Deep sand,Shallow sandy,"BOER4,PRGL2,YUEL",BOER4,PRGL2,YUEL,"PG,shrub,succulent",PG,shrub,succulent,Sandy,1,4
258,25,Sandy,Deep sand,Shallow sandy,"BOER4,SPFL2,PRGL2",BOER4,SPFL2,PRGL2,"PG,PG,shrub",PG,PG,shrub,Sandy,1,1
259,25,Sandy,Deep sand,Shallow sandy,"FLCE,PLMU3,PRGL2",FLCE,PLMU3,PRGL2,"shrub,PG,shrub",shrub,PG,shrub,Sandy,1,4
260,25,Sandy,Deep sand,Shallow sandy,"FLCE,PRGL2,PLMU3",FLCE,PRGL2,PLMU3,"shrub,shrub,PG",shrub,shrub,PG,Sandy,1,5
261,25,Sandy,Deep sand,Shallow sandy,"PLMU3,FLCE,SCBR2",PLMU3,FLCE,SCBR2,"PG,shrub,PG",PG,shrub,PG,Sandy,1,4
262,25,Sandy,Deep sand,Shallow sandy,"PLMU3,SCBR2,OPUNT",PLMU3,SCBR2,OPUNT,"PG,PG,succulent",PG,PG,succulent,Sandy,1,2
263,25,Sandy,Deep sand,Shallow sandy,"PRGL2,BOER4, ",PRGL2,BOER4, ,"shrub,PG",shrub,PG,NA,Sandy,1,4
264,25,Sandy,Deep sand,Shallow sandy,"PRGL2,BOER4,YUEL",PRGL2,BOER4,YUEL,"shrub,PG,succulent",shrub,PG,succulent,Sandy,1,4
265,25,Sandy,Deep sand,Shallow sandy,"PRGL2,GUSA2, ",PRGL2,GUSA2, ,"shrub,subshrub",shrub,subshrub,NA,Sandy,1,6
266,25,Sandy,Deep sand,Shallow sandy,"PRGL2,SPFL2,GUSA2",PRGL2,SPFL2,GUSA2,"shrub,PG,subshrub",shrub,PG,subshrub,Sandy,1,4
267,25,Sandy,Deep sand,Shallow sandy,"PRGL2,SPFL2,YUEL",PRGL2,SPFL2,YUEL,"shrub,PG,succulent",shrub,PG,succulent,Sandy,1,4
268,25,Sandy,Deep sand,Shallow sandy,"PRGL2,YUEL,ARPU9",PRGL2,YUEL,ARPU9,"shrub,succulent,PG",shrub,succulent,PG,Sandy,1,5
269,25,Sandy,Deep sand,Shallow sandy,"PRGL2,YUEL,EPHEDRA",PRGL2,YUEL,EPHEDRA,"shrub,succulent,succulent",shrub,succulent,succulent,Sandy,1,5
270,25,Sandy,Deep sand,Shallow sandy,"PRGL2,YUEL,SPFL2",PRGL2,YUEL,SPFL2,"shrub,succulent,PG",shrub,succulent,PG,Sandy,1,5
271,25,Sandy,Deep sand,Shallow sandy,"PRGL2, , ",PRGL2, , ,shrub,shrub,NA,NA,Sandy,1,6
272,25,Sandy,Deep sand,Shallow sandy,"PRGL2,ARPU9,GUSA2",PRGL2,ARPU9,GUSA2,"shrub,PG,subshrub",shrub,PG,subshrub,Sandy,1,4
273,25,Sandy,Deep sand,Shallow sandy,"PRGL2,ATCA2, ",PRGL2,ATCA2, ,"shrub,shrub",shrub,shrub,NA,Sandy,1,5
274,25,Sandy,Deep sand,Shallow sandy,"PRGL2,ATCA2,GUSA2",PRGL2,ATCA2,GUSA2,"shrub,shrub,subshrub",shrub,shrub,subshrub,Sandy,1,5
275,25,Sandy,Deep sand,Shallow sandy,"PRGL2,ATCA2,YUEL",PRGL2,ATCA2,YUEL,"shrub,shrub,succulent",shrub,shrub,succulent,Sandy,1,5
276,25,Sandy,Deep sand,Shallow sandy,"PRGL2,GUSA2, ",PRGL2,GUSA2, ,"shrub,subshrub",shrub,subshrub,NA,Sandy,1,6
277,25,Sandy,Deep sand,Shallow sandy,"PRGL2,GUSA2,YUEL",PRGL2,GUSA2,YUEL,"shrub,subshrub,succulent",shrub,subshrub,succulent,Sandy,1,6
278,25,Sandy,Deep sand,Shallow sandy,"PRGL2,YUEL,GUSA2",PRGL2,YUEL,GUSA2,"shrub,succulent,subshrub",shrub,succulent,subshrub,Sandy,1,5
279,25,Sandy,Deep sand,Shallow sandy,"PRGL2,GUSA2, ",PRGL2,GUSA2, ,"shrub,subshrub",shrub,subshrub,NA,Sandy,1,6
280,25,Sandy,Deep sand,Shallow sandy,"SPFL2,GUSA2,PRGL2",SPFL2,GUSA2,PRGL2,"PG,subshrub,shrub",PG,subshrub,shrub,Sandy,1,2
281,25,Sandy,Deep sand,Shallow sandy,"YUEL,PRGL2,GUSA2",YUEL,PRGL2,GUSA2,"succulent,shrub,subshrub",succulent,shrub,subshrub,Sandy,1,5
282,25,Sandy,Deep sand,Shallow sandy,"YUEL,PRGL2, ",YUEL,PRGL2, ,"succulent,shrub",succulent,shrub,NA,Sandy,1,5
283,26,Sandy,Loamy,Clayey,"FLCE,LATR2,LYBE",FLCE,LATR2,LYBE,"shrub,shrub,shrub",shrub,shrub,shrub,Sandy,1,5
284,26,Sandy,Loamy,Clayey,"FLCE,LATR2,PLMU3",FLCE,LATR2,PLMU3,"shrub,shrub,PG",shrub,shrub,PG,Sandy,1,5
285,26,Sandy,Loamy,Clayey,"FLCE,LYBE,PLMU3",FLCE,LYBE,PLMU3,"shrub,shrub,PG",shrub,shrub,PG,Sandy,1,5
286,26,Sandy,Loamy,Clayey,"FLCE,PLMU3, ",FLCE,PLMU3, ,"shrub,PG",shrub,PG,NA,Sandy,1,4
287,26,Sandy,Loamy,Clayey,"FLCE,PLMU3,SCBR2",FLCE,PLMU3,SCBR2,"shrub,PG,PG",shrub,PG,PG,Sandy,1,4
288,26,Sandy,Loamy,Clayey,"FLCE,SCBR2,PLMU3",FLCE,SCBR2,PLMU3,"shrub,PG,PG",shrub,PG,PG,Sandy,1,4
289,26,Sandy,Loamy,Clayey,"LATR2, , ",LATR2, , ,shrub,shrub,NA,NA,Sandy,1,6
290,26,Sandy,Loamy,Clayey,"LATR2,FLCE, ",LATR2,FLCE, ,"shrub,shrub",shrub,shrub,NA,Sandy,1,5
291,26,Sandy,Loamy,Clayey,"LATR2,FLCE,BOCU",LATR2,FLCE,BOCU,"shrub,shrub,PG",shrub,shrub,PG,Sandy,1,5
292,26,Sandy,Loamy,Clayey,"LATR2,FLCE,MUPO2",LATR2,FLCE,MUPO2,"shrub,shrub,PG",shrub,shrub,PG,Sandy,1,5
293,26,Sandy,Loamy,Clayey,"LATR2,FLCE,PLMU3",LATR2,FLCE,PLMU3,"shrub,shrub,PG",shrub,shrub,PG,Sandy,1,5
294,26,Sandy,Loamy,Clayey,"LATR2,FLCE,PRGL2",LATR2,FLCE,PRGL2,"shrub,shrub,shrub",shrub,shrub,shrub,Sandy,1,5
295,26,Sandy,Loamy,Clayey,"PLMU3,MUPO2,LATR2",PLMU3,MUPO2,LATR2,"PG,PG,shrub",PG,PG,shrub,Sandy,1,2
296,26,Sandy,Loamy,Clayey,"PLMU3,SCBR2, ",PLMU3,SCBR2, ,"PG,PG",PG,PG,NA,Sandy,1,2
297,26,Sandy,Loamy,Clayey,"PLMU3,SCBR2,PRGL2",PLMU3,SCBR2,PRGL2,"PG,PG,shrub",PG,PG,shrub,Sandy,1,2
298,27,Sandy,Loamy,Deep sand,"ARPU9,SPFL2, ",ARPU9,SPFL2, ,"PG,PG",PG,PG,NA,Sandy,1,1
299,27,Sandy,Loamy,Deep sand,"Bare, , ",Bare, , ,Bare,Bare,NA,NA,Sandy,1,7
300,27,Sandy,Loamy,Deep sand,"BOER4,ARPU9,SPFL2",BOER4,ARPU9,SPFL2,"PG,PG,PG",PG,PG,PG,Sandy,1,1
301,27,Sandy,Loamy,Deep sand,"EPHEDRA,YUEL,PRGL2",EPHEDRA,YUEL,PRGL2,"succulent,succulent,shrub",succulent,succulent,shrub,Sandy,1,5
302,27,Sandy,Loamy,Deep sand,"EPHEDRA,PRGL2,YUEL",EPHEDRA,PRGL2,YUEL,"succulent,shrub,succulent",succulent,shrub,succulent,Sandy,1,5
303,27,Sandy,Loamy,Deep sand,"FLCE,ATCA2, ",FLCE,ATCA2, ,"shrub,shrub",shrub,shrub,NA,Sandy,1,5
304,27,Sandy,Loamy,Deep sand,"FLCE,CELA,LYBE",FLCE,CELA,LYBE,"shrub,shrub,shrub",shrub,shrub,shrub,Sandy,1,5
305,27,Sandy,Loamy,Deep sand,"FLCE,LATR2,PLMU3",FLCE,LATR2,PLMU3,"shrub,shrub,PG",shrub,shrub,PG,Sandy,1,4
306,27,Sandy,Loamy,Deep sand,"FLCE,PLMU3,PRGL2",FLCE,PLMU3,PRGL2,"shrub,PG,shrub",shrub,PG,shrub,Sandy,1,4
307,27,Sandy,Loamy,Deep sand,"FLCE,PLMU3,SCBR2",FLCE,PLMU3,SCBR2,"shrub,PG,PG",shrub,PG,PG,Sandy,1,4
308,27,Sandy,Loamy,Deep sand,"FLCE,PLMU3,SPAI",FLCE,PLMU3,SPAI,"shrub,PG,PG",shrub,PG,PG,Sandy,1,4
309,27,Sandy,Loamy,Deep sand,"FLCE,PRGL2,SCBR2",FLCE,PRGL2,SCBR2,"shrub,shrub,PG",shrub,shrub,PG,Sandy,1,5
310,27,Sandy,Loamy,Deep sand,"FLCE,SCBR2, ",FLCE,SCBR2, ,"shrub,PG",shrub,PG,NA,Sandy,1,4
311,27,Sandy,Loamy,Deep sand,"FLCE,SCBR2,PLMU3",FLCE,SCBR2,PLMU3,"shrub,PG,PG",shrub,PG,PG,Sandy,1,4
312,27,Sandy,Loamy,Deep sand,"FLCE,SPAI,SCBR2",FLCE,SPAI,SCBR2,"shrub,PG,PG",shrub,PG,PG,Sandy,1,4
313,27,Sandy,Loamy,Deep sand,"LATR2,FLCE,PLMU3",LATR2,FLCE,PLMU3,"shrub,shrub,PG",shrub,shrub,PG,Sandy,1,5
314,27,Sandy,Loamy,Deep sand,"LATR2,FLCE,PRGL2",LATR2,FLCE,PRGL2,"shrub,shrub,shrub",shrub,shrub,shrub,Sandy,1,5
315,27,Sandy,Loamy,Deep sand,"LATR2,PRGL2,FLCE",LATR2,PRGL2,FLCE,"shrub,shrub,shrub",shrub,shrub,shrub,Sandy,1,5
316,27,Sandy,Loamy,Deep sand,"LATR2,PRGL2,FLCE",LATR2,PRGL2,FLCE,"shrub,shrub,shrub",shrub,shrub,shrub,Sandy,1,5
317,27,Sandy,Loamy,Deep sand,"PLMU3, , ",PLMU3, , ,PG,PG,NA,NA,Sandy,1,2
318,27,Sandy,Loamy,Deep sand,"PLMU3,FLCE,SCBR2",PLMU3,FLCE,SCBR2,"PG,shrub,PG",PG,shrub,PG,Sandy,1,4
319,27,Sandy,Loamy,Deep sand,"PLMU3,PRGL2,SCBR2",PLMU3,PRGL2,SCBR2,"PG,shrub,PG",PG,shrub,PG,Sandy,1,4
320,27,Sandy,Loamy,Deep sand,"PLMU3,SCBR2, ",PLMU3,SCBR2, ,"PG,PG",PG,PG,NA,Sandy,1,2
321,27,Sandy,Loamy,Deep sand,"PLMU3,SCBR2,FLCE",PLMU3,SCBR2,FLCE,"PG,PG,shrub",PG,PG,shrub,Sandy,1,2
322,27,Sandy,Loamy,Deep sand,"PLMU3,SCBR2,OPUNT",PLMU3,SCBR2,OPUNT,"PG,PG,succulent",PG,PG,succulent,Sandy,1,2
323,27,Sandy,Loamy,Deep sand,"PLMU3,SCBR2,PRGL2",PLMU3,SCBR2,PRGL2,"PG,PG,shrub",PG,PG,shrub,Sandy,1,2
324,27,Sandy,Loamy,Deep sand,"PLMU3,SCBR2,RHMI3",PLMU3,SCBR2,RHMI3,"PG,PG,shrub",PG,PG,shrub,Sandy,1,2
325,27,Sandy,Loamy,Deep sand,"PLMU3,SPAI,PRGL2",PLMU3,SPAI,PRGL2,"PG,PG,shrub",PG,PG,shrub,Sandy,1,2
326,27,Sandy,Loamy,Deep sand,"PLMU3,SPAI,SCBR2",PLMU3,SPAI,SCBR2,"PG,PG,PG",PG,PG,PG,Sandy,1,2
327,27,Sandy,Loamy,Deep sand,"PRGL2,ARPU9,BOER4",PRGL2,ARPU9,BOER4,"shrub,PG,PG",shrub,PG,PG,Sandy,1,4
328,27,Sandy,Loamy,Deep sand,"PRGL2,ARPU9,GUSA2",PRGL2,ARPU9,GUSA2,"shrub,PG,subshrub",shrub,PG,subshrub,Sandy,1,4
329,27,Sandy,Loamy,Deep sand,"PRGL2,BOER4,ARPU9",PRGL2,BOER4,ARPU9,"shrub,PG,PG",shrub,PG,PG,Sandy,1,4
330,27,Sandy,Loamy,Deep sand,"PRGL2,BOER4,YUEL",PRGL2,BOER4,YUEL,"shrub,PG,succulent",shrub,PG,succulent,Sandy,1,4
331,27,Sandy,Loamy,Deep sand,"PRGL2,FLCE,PLMU3",PRGL2,FLCE,PLMU3,"shrub,shrub,PG",shrub,shrub,PG,Sandy,1,5
332,27,Sandy,Loamy,Deep sand,"PRGL2,LATR2,FLCE",PRGL2,LATR2,FLCE,"shrub,shrub,shrub",shrub,shrub,shrub,Sandy,1,5
333,27,Sandy,Loamy,Deep sand,"PRGL2,PLMU3, ",PRGL2,PLMU3, ,"shrub,PG",shrub,PG,NA,Sandy,1,4
334,27,Sandy,Loamy,Deep sand,"PRGL2,PLMU3,ARPU9",PRGL2,PLMU3,ARPU9,"shrub,PG,PG",shrub,PG,PG,Sandy,1,4
335,27,Sandy,Loamy,Deep sand,"PRGL2,PLMU3,SCBR2",PRGL2,PLMU3,SCBR2,"shrub,PG,PG",shrub,PG,PG,Sandy,1,4
336,27,Sandy,Loamy,Deep sand,"PRGL2,PLMU3,SPAI",PRGL2,PLMU3,SPAI,"shrub,PG,PG",shrub,PG,PG,Sandy,1,4
337,27,Sandy,Loamy,Deep sand,"PRGL2,RHMI3,SCBR2",PRGL2,RHMI3,SCBR2,"shrub,shrub,PG",shrub,shrub,PG,Sandy,1,5
338,27,Sandy,Loamy,Deep sand,"PRGL2,SCBR2,ARPU9",PRGL2,SCBR2,ARPU9,"shrub,PG,PG",shrub,PG,PG,Sandy,1,4
339,27,Sandy,Loamy,Deep sand,"PRGL2,SCBR2,PLMU3",PRGL2,SCBR2,PLMU3,"shrub,PG,PG",shrub,PG,PG,Sandy,1,4
340,27,Sandy,Loamy,Deep sand,"PRGL2,SPFL2,GUSA2",PRGL2,SPFL2,GUSA2,"shrub,PG,subshrub",shrub,PG,subshrub,Sandy,1,4
341,27,Sandy,Loamy,Deep sand,"PRGL2,SPFL2,YUEL",PRGL2,SPFL2,YUEL,"shrub,PG,succulent",shrub,PG,succulent,Sandy,1,4
342,27,Sandy,Loamy,Deep sand,"PRGL2,YUEL,ARPU9",PRGL2,YUEL,ARPU9,"shrub,succulent,PG",shrub,succulent,PG,Sandy,1,5
343,27,Sandy,Loamy,Deep sand,"PRGL2,YUEL,FLCE",PRGL2,YUEL,FLCE,"shrub,succulent,shrub",shrub,succulent,shrub,Sandy,1,5
344,27,Sandy,Loamy,Deep sand,"PRGL2,YUEL,SPFL2",PRGL2,YUEL,SPFL2,"shrub,succulent,PG",shrub,succulent,PG,Sandy,1,5
345,27,Sandy,Loamy,Deep sand,"PRGL2, , ",PRGL2, , ,shrub,shrub,NA,NA,Sandy,1,6
346,27,Sandy,Loamy,Deep sand,"PRGL2,ARPU9, ",PRGL2,ARPU9, ,"shrub,PG",shrub,PG,NA,Sandy,1,4
347,27,Sandy,Loamy,Deep sand,"PRGL2,ATCA2, ",PRGL2,ATCA2, ,"shrub,shrub",shrub,shrub,NA,Sandy,1,5
348,27,Sandy,Loamy,Deep sand,"PRGL2,ATCA2,PLMU3",PRGL2,ATCA2,PLMU3,"shrub,shrub,PG",shrub,shrub,PG,Sandy,1,4
349,27,Sandy,Loamy,Deep sand,"PRGL2,ATCA2,SPAI",PRGL2,ATCA2,SPAI,"shrub,shrub,PG",shrub,shrub,PG,Sandy,1,5
350,27,Sandy,Loamy,Deep sand,"PRGL2,ATCA2,YUEL",PRGL2,ATCA2,YUEL,"shrub,shrub,succulent",shrub,shrub,succulent,Sandy,1,5
351,27,Sandy,Loamy,Deep sand,"PRGL2,BOER4,YUEL",PRGL2,BOER4,YUEL,"shrub,PG,succulent",shrub,PG,succulent,Sandy,1,4
352,27,Sandy,Loamy,Deep sand,"PRGL2,CELA,SCBR2",PRGL2,CELA,SCBR2,"shrub,shrub,PG",shrub,shrub,PG,Sandy,1,5
353,27,Sandy,Loamy,Deep sand,"PRGL2,FLCE,ATCA2",PRGL2,FLCE,ATCA2,"shrub,shrub,shrub",shrub,shrub,shrub,Sandy,1,5
354,27,Sandy,Loamy,Deep sand,"PRGL2,FLCE,LATR2",PRGL2,FLCE,LATR2,"shrub,shrub,shrub",shrub,shrub,shrub,Sandy,1,5
355,27,Sandy,Loamy,Deep sand,"PRGL2,GUSA2, ",PRGL2,GUSA2, ,"shrub,subshrub",shrub,subshrub,NA,Sandy,1,6
356,27,Sandy,Loamy,Deep sand,"PRGL2,LATR2,FLCE",PRGL2,LATR2,FLCE,"shrub,shrub,shrub",shrub,shrub,shrub,Sandy,1,5
357,27,Sandy,Loamy,Deep sand,"PRGL2,PLMU3,FLCE",PRGL2,PLMU3,FLCE,"shrub,PG,shrub",shrub,PG,shrub,Sandy,1,4
358,27,Sandy,Loamy,Deep sand,"PRGL2,SCBR2,PLMU3",PRGL2,SCBR2,PLMU3,"shrub,PG,PG",shrub,PG,PG,Sandy,1,4
359,27,Sandy,Loamy,Deep sand,"PRGL2,SPFL2,YUEL",PRGL2,SPFL2,YUEL,"shrub,PG,succulent",shrub,PG,succulent,Sandy,1,4
360,27,Sandy,Loamy,Deep sand,"PRGL2,YUEL,ARPU9",PRGL2,YUEL,ARPU9,"shrub,succulent,PG",shrub,succulent,PG,Sandy,1,5
361,27,Sandy,Loamy,Deep sand,"PRGL2,YUEL,GUSA2",PRGL2,YUEL,GUSA2,"shrub,succulent,subshrub",shrub,succulent,subshrub,Sandy,1,5
362,27,Sandy,Loamy,Deep sand,"PRGL2,ATCA2, ",PRGL2,ATCA2, ,"shrub,shrub",shrub,shrub,NA,Sandy,1,5
363,27,Sandy,Loamy,Deep sand,"PRGL2,GUSA2, ",PRGL2,GUSA2, ,"shrub,subshrub",shrub,subshrub,NA,Sandy,1,6
364,27,Sandy,Loamy,Deep sand,"PSSC6,SPFL2,YUEL",PSSC6,SPFL2,YUEL,"shrub,PG,succulent",shrub,PG,succulent,Sandy,1,4
365,27,Sandy,Loamy,Deep sand,"PSSC6,YUEL,SPFL2",PSSC6,YUEL,SPFL2,"shrub,succulent,PG",shrub,succulent,PG,Sandy,1,5
366,27,Sandy,Loamy,Deep sand,"SCBR2, , ",SCBR2, , ,PG,PG,NA,NA,Sandy,1,2
367,27,Sandy,Loamy,Deep sand,"SCBR2,BOER4, ",SCBR2,BOER4, ,"PG,PG",PG,PG,NA,Sandy,1,2
368,27,Sandy,Loamy,Deep sand,"SCBR2,BOER4,ARPU9",SCBR2,BOER4,ARPU9,"PG,PG,PG",PG,PG,PG,Sandy,1,2
369,27,Sandy,Loamy,Deep sand,"SCBR2,BOER4,PLMU3",SCBR2,BOER4,PLMU3,"PG,PG,PG",PG,PG,PG,Sandy,1,2
370,27,Sandy,Loamy,Deep sand,"SCBR2,FLCE, ",SCBR2,FLCE, ,"PG,shrub",PG,shrub,NA,Sandy,1,4
371,27,Sandy,Loamy,Deep sand,"SCBR2,FLCE,PLMU3",SCBR2,FLCE,PLMU3,"PG,shrub,PG",PG,shrub,PG,Sandy,1,4
372,27,Sandy,Loamy,Deep sand,"SCBR2,FLCE,SPAI",SCBR2,FLCE,SPAI,"PG,shrub,PG",PG,shrub,PG,Sandy,1,4
373,27,Sandy,Loamy,Deep sand,"SCBR2,KOSP, ",SCBR2,KOSP, ,"PG,shrub",PG,shrub,NA,Sandy,1,4
374,27,Sandy,Loamy,Deep sand,"SCBR2,KOSP,PRGL2",SCBR2,KOSP,PRGL2,"PG,shrub,shrub",PG,shrub,shrub,Sandy,1,4
375,27,Sandy,Loamy,Deep sand,"SCBR2,PLMU3, ",SCBR2,PLMU3, ,"PG,PG",PG,PG,NA,Sandy,1,2
376,27,Sandy,Loamy,Deep sand,"SCBR2,PLMU3,FLCE",SCBR2,PLMU3,FLCE,"PG,PG,shrub",PG,PG,shrub,Sandy,1,2
377,27,Sandy,Loamy,Deep sand,"SCBR2,PLMU3,OPUNT",SCBR2,PLMU3,OPUNT,"PG,PG,succulent",PG,PG,succulent,Sandy,1,2
378,27,Sandy,Loamy,Deep sand,"SCBR2,PLMU3,PRGL2",SCBR2,PLMU3,PRGL2,"PG,PG,shrub",PG,PG,shrub,Sandy,1,2
379,27,Sandy,Loamy,Deep sand,"SCBR2,PRGL2, ",SCBR2,PRGL2, ,"PG,shrub",PG,shrub,NA,Sandy,1,4
380,27,Sandy,Loamy,Deep sand,"SCBR2,PRGL2,EPHEDRA",SCBR2,PRGL2,EPHEDRA,"PG,shrub,succulent",PG,shrub,succulent,Sandy,1,4
381,27,Sandy,Loamy,Deep sand,"SCBR2,PRGL2,PLMU3",SCBR2,PRGL2,PLMU3,"PG,shrub,PG",PG,shrub,PG,Sandy,1,4
382,27,Sandy,Loamy,Deep sand,"SCBR2,SPAI, ",SCBR2,SPAI, ,"PG,PG",PG,PG,NA,Sandy,1,2
383,27,Sandy,Loamy,Deep sand,"SCBR2,SPAI,PLMU3",SCBR2,SPAI,PLMU3,"PG,PG,PG",PG,PG,PG,Sandy,1,2
384,27,Sandy,Loamy,Deep sand,"SCBR2,SPAI,PRGL2",SCBR2,SPAI,PRGL2,"PG,PG,shrub",PG,PG,shrub,Sandy,1,2
385,27,Sandy,Loamy,Deep sand,"SPAI, , ",SPAI, , ,PG,PG,NA,NA,Sandy,1,2
386,27,Sandy,Loamy,Deep sand,"SPFL2,ARPU9,YUEL",SPFL2,ARPU9,YUEL,"PG,PG,succulent",PG,PG,succulent,Sandy,1,2
387,27,Sandy,Loamy,Deep sand,"SPFL2,GUSA2,PRGL2",SPFL2,GUSA2,PRGL2,"PG,subshrub,shrub",PG,subshrub,shrub,Sandy,1,2
388,27,Sandy,Loamy,Deep sand,"SPORO,EPHEDRA, ",SPORO,EPHEDRA, ,"PG,succulent",PG,succulent,NA,Sandy,1,4
389,28,Sandy,Shallow sandy, ,"ARPU9,SPFL2, ",ARPU9,SPFL2, ,"PG,PG",PG,PG,NA,Sandy,1,2
390,28,Sandy,Shallow sandy, ,"BOER4,ARPU9,YUEL",BOER4,ARPU9,YUEL,"PG,PG,succulent",PG,PG,succulent,Sandy,1,2
391,28,Sandy,Shallow sandy, ,"BOER4,PRGL2,YUEL",BOER4,PRGL2,YUEL,"PG,shrub,succulent",PG,shrub,succulent,Sandy,1,4
392,28,Sandy,Shallow sandy, ,"BOER4,SCBR2,YUEL",BOER4,SCBR2,YUEL,"PG,PG,succulent",PG,PG,succulent,Sandy,1,2
393,28,Sandy,Shallow sandy, ,"BOER4,SPFL2,PRGL2",BOER4,SPFL2,PRGL2,"PG,PG,shrub",PG,PG,shrub,Sandy,1,2
394,28,Sandy,Shallow sandy, ,"FLCE,PLMU3,SCBR2",FLCE,PLMU3,SCBR2,"shrub,PG,PG",shrub,PG,PG,Sandy,1,4
395,28,Sandy,Shallow sandy, ,"FLCE,PRGL2,SCBR2",FLCE,PRGL2,SCBR2,"shrub,shrub,PG",shrub,shrub,PG,Sandy,1,4
396,28,Sandy,Shallow sandy, ,"FLCE,SCBR2,PLMU3",FLCE,SCBR2,PLMU3,"shrub,PG,PG",shrub,PG,PG,Sandy,1,4
397,28,Sandy,Shallow sandy, ,"FLCE,SPAI,SCBR2",FLCE,SPAI,SCBR2,"shrub,PG,PG",shrub,PG,PG,Sandy,1,4
398,28,Sandy,Shallow sandy, ,"PRGL2,BOER4,YUEL",PRGL2,BOER4,YUEL,"shrub,PG,succulent",shrub,PG,succulent,Sandy,1,4
399,28,Sandy,Shallow sandy, ,"PRGL2,GUSA2, ",PRGL2,GUSA2, ,"shrub,subshrub",shrub,subshrub,NA,Sandy,1,6
400,28,Sandy,Shallow sandy, ,"PRGL2,SCBR2, ",PRGL2,SCBR2, ,"shrub,PG",shrub,PG,NA,Sandy,1,4
401,28,Sandy,Shallow sandy, ,"PRGL2,YUEL,ARPU9",PRGL2,YUEL,ARPU9,"shrub,succulent,PG",shrub,succulent,PG,Sandy,1,5
402,28,Sandy,Shallow sandy, ,"PRGL2,YUEL,EPHEDRA",PRGL2,YUEL,EPHEDRA,"shrub,succulent,succulent",shrub,succulent,succulent,Sandy,1,5
403,28,Sandy,Shallow sandy, ,"PRGL2,YUEL,FLCE",PRGL2,YUEL,FLCE,"shrub,succulent,shrub",shrub,succulent,shrub,Sandy,1,5
404,28,Sandy,Shallow sandy, ,"PRGL2,YUEL,GUSA2",PRGL2,YUEL,GUSA2,"shrub,succulent,subshrub",shrub,succulent,subshrub,Sandy,1,5
405,28,Sandy,Shallow sandy, ,"PRGL2,YUEL,SPFL2",PRGL2,YUEL,SPFL2,"shrub,succulent,PG",shrub,succulent,PG,Sandy,1,4
406,28,Sandy,Shallow sandy, ,"PRGL2, , ",PRGL2, , ,shrub,shrub,NA,NA,Sandy,1,6
407,28,Sandy,Shallow sandy, ,"PRGL2,YUEL,GUSA2",PRGL2,YUEL,GUSA2,"shrub,succulent,subshrub",shrub,succulent,subshrub,Sandy,1,5
408,28,Sandy,Shallow sandy, ,"SCBR2,FLCE,PLMU3",SCBR2,FLCE,PLMU3,"PG,shrub,PG",PG,shrub,PG,Sandy,1,2
409,28,Sandy,Shallow sandy, ,"SCBR2,PLMU3, ",SCBR2,PLMU3, ,"PG,PG",PG,PG,NA,Sandy,1,2
410,28,Sandy,Shallow sandy, ,"SCBR2,PLMU3,FLCE",SCBR2,PLMU3,FLCE,"PG,PG,shrub",PG,PG,shrub,Sandy,1,2
411,28,Sandy,Shallow sandy, ,"SCBR2,SPAI,PLMU3",SCBR2,SPAI,PLMU3,"PG,PG,PG",PG,PG,PG,Sandy,1,2
412,28,Sandy,Shallow sandy, ,"SPFL2,ARPU9, ",SPFL2,ARPU9, ,"PG,PG",PG,PG,NA,Sandy,1,2
413,28,Sandy,Shallow sandy, ,"SPFL2,ARPU9,PRGL2",SPFL2,ARPU9,PRGL2,"PG,PG,shrub",PG,PG,shrub,Sandy,1,2
414,28,Sandy,Shallow sandy, ,"SPFL2,ARPU9,YUEL",SPFL2,ARPU9,YUEL,"PG,PG,succulent",PG,PG,succulent,Sandy,1,2
415,28,Sandy,Shallow sandy, ,"YUEL,PRGL2, ",YUEL,PRGL2, ,"succulent,shrub",succulent,shrub,NA,Sandy,1,5
416,30,Shallow sandy,Deep sand, ,"PRGL2,ATCA2,FLCE",PRGL2,ATCA2,FLCE,"shrub,shrub,shrub",shrub,shrub,shrub,Shallow Sandy,1,5
417,31,Shallow sandy,Sandy, ,"BOER4,PRGL2,YUEL",BOER4,PRGL2,YUEL,"PG,shrub,succulent",PG,shrub,succulent,Shallow Sandy,1,4
418,31,Shallow sandy,Sandy, ,"BOER4,SPFL2,PRGL2",BOER4,SPFL2,PRGL2,"PG,PG,shrub",PG,PG,shrub,Shalow Sandy,1,1
419,31,Shallow sandy,Sandy, ,"PRGL2,BOER4, ",PRGL2,BOER4, ,"shrub,PG",shrub,PG,NA,Shallow Sandy,1,4
420,31,Shallow sandy,Sandy, ,"PRGL2,BOER4,SPFL2",PRGL2,BOER4,SPFL2,"shrub,PG,PG",shrub,PG,PG,Shallow Sandy,1,4
421,31,Shallow sandy,Sandy, ,"PRGL2,BOER4,YUEL",PRGL2,BOER4,YUEL,"shrub,PG,succulent",shrub,PG,succulent,Shallow Sandy,1,4
422,31,Shallow sandy,Sandy, ,"PRGL2,SPFL2,GUSA2",PRGL2,SPFL2,GUSA2,"shrub,PG,subshrub",shrub,PG,subshrub,Shallow Sandy,1,4
423,31,Shallow sandy,Sandy, ,"PRGL2,SPFL2,YUEL",PRGL2,SPFL2,YUEL,"shrub,PG,succulent",shrub,PG,succulent,Shallow Sandy,1,4
424,31,Shallow sandy,Sandy, ,"PRGL2,YUEL,SPFL2",PRGL2,YUEL,SPFL2,"shrub,succulent,PG",shrub,succulent,PG,Shallow Sandy,1,5
425,31,Shallow sandy,Sandy, ,"PRGL2, , ",PRGL2, , ,shrub,shrub,NA,NA,Shallow Sandy,1,6
426,31,Shallow sandy,Sandy, ,"PRGL2,ATCA2, ",PRGL2,ATCA2, ,"shrub,shrub",shrub,shrub,NA,Shallow Sandy,1,5
427,31,Shallow sandy,Sandy, ,"PRGL2,ATCA2,GUSA2",PRGL2,ATCA2,GUSA2,"shrub,shrub,subshrub",shrub,shrub,subshrub,Shallow Sandy,1,5
428,31,Shallow sandy,Sandy, ,"PRGL2,GUSA2, ",PRGL2,GUSA2, ,"shrub,subshrub",shrub,subshrub,NA,Shallow Sandy,1,6
429,31,Shallow sandy,Sandy, ,"PRGL2,SPFL2, ",PRGL2,SPFL2, ,"shrub,PG",shrub,PG,NA,Shallow Sandy,1,4
430,31,Shallow sandy,Sandy, ,"PRGL2,SPFL2,GUSA2",PRGL2,SPFL2,GUSA2,"shrub,PG,subshrub",shrub,PG,subshrub,Shallow Sandy,1,4
431,31,Shallow sandy,Sandy, ,"PRGL2,SPFL2,YUEL",PRGL2,SPFL2,YUEL,"shrub,PG,succulent",shrub,PG,succulent,Shallow Sandy,1,4
432,31,Shallow sandy,Sandy, ,"PRGL2,YUEL,GUSA2",PRGL2,YUEL,GUSA2,"shrub,succulent,subshrub",shrub,succulent,subshrub,Shallow Sandy,1,5
