"FID","Shape","OBJECTID","FID_Jornad","ecosite1","ecosite2","ecosite3","SUM_Shape_","FID_JERVeg","VegUnite","DOM1","DOM2","DOM3","SUM_Shape1","Shape_Leng","Shape_Area","FGUnite","Dom1FG","Dom2FG","Dom3FG"
"0","Polygon","1","1"," "," "," ","3529.60461","12","DAFO,LATR2,COWA","DAFO","LATR2","COWA","189431.8893","193.826817","1819.853278","shrub,shrub,shrub","shrub","shrub","shrub"
"1","Polygon","2","2","Bottomland","Limy","Salt Flats","35299777.56","5","ATCA2,PRGL2,PLMU3","ATCA2","PRGL2","PLMU3","73764.27674","1127.438929","73764.27674","shrub,shrub,PG","shrub","shrub","PG"
"2","Polygon","3","2","Bottomland","Limy","Salt Flats","35299777.56","6","Bare, , ","Bare"," "," ","672734.5624","1309.602255","59236.97516","Bare","Bare",NA,NA
"3","Polygon","4","2","Bottomland","Limy","Salt Flats","35299777.56","22","FLCE,LATR2,PLMU3","FLCE","LATR2","PLMU3","2217269.929","25081.9078","1223274.825","shrub,shrub,PG","shrub","shrub","PG"
"5","Polygon","6","2","Bottomland","Limy","Salt Flats","35299777.56","27","FLCE,PLMU3,PRGL2","FLCE","PLMU3","PRGL2","1053634.346","4801.521843","724499.7229","shrub,PG,shrub","shrub","PG","shrub"
"6","Polygon","7","2","Bottomland","Limy","Salt Flats","35299777.56","43","LATR2,FLCE,PLMU3","LATR2","FLCE","PLMU3","43342492.31","111407.184","15044719.03","shrub,shrub,PG","shrub","shrub","PG"
"7","Polygon","8","2","Bottomland","Limy","Salt Flats","35299777.56","46","LATR2,FLCE,SCBR2","LATR2","FLCE","SCBR2","977810.0217","7557.768061","365609.9572","shrub,shrub,PG","shrub","shrub","PG"
"8","Polygon","9","2","Bottomland","Limy","Salt Flats","35299777.56","47","LATR2,GUSA2,ERLE","LATR2","GUSA2","ERLE","1222034.019","2484.961372","48567.01599","shrub,subshrub,Inv","shrub","subshrub","Inv"
"9","Polygon","10","2","Bottomland","Limy","Salt Flats","35299777.56","48","LATR2,MUPO2,PRGL2","LATR2","MUPO2","PRGL2","1829154.863","4409.867642","55118.19264","shrub,PG,shrub","shrub","PG","shrub"
"13","Polygon","14","2","Bottomland","Limy","Salt Flats","35299777.56","55","LATR2,SCBR2, ","LATR2","SCBR2"," ","965816.2125","7270.631284","778511.0904","shrub,PG","shrub","PG",NA
"17","Polygon","18","2","Bottomland","Limy","Salt Flats","35299777.56","82","PRGL2,MUPO2,LATR2","PRGL2","MUPO2","LATR2","1090007.922","11701.15985","393609.3321","shrub,PG,shrub","shrub","PG","shrub"
"21","Polygon","22","3","Clayey","Bottomland","Loamy","13244532.45","3","ARPU9,SPFL2, ","ARPU9","SPFL2"," ","583649.5255","450.110276","2708.510337","PG,PG","PG","PG",NA
"22","Polygon","23","3","Clayey","Bottomland","Loamy","13244532.45","6","Bare, , ","Bare"," "," ","672734.5624","2987.831638","525060","Bare","Bare",NA,NA
"23","Polygon","24","3","Clayey","Bottomland","Loamy","13244532.45","22","FLCE,LATR2,PLMU3","FLCE","LATR2","PLMU3","2217269.929","1364.04139","71975.14048","shrub,shrub,PG","shrub","shrub","PG"
"28","Polygon","29","3","Clayey","Bottomland","Loamy","13244532.45","35","GUSA2,BOER4,YUEL","GUSA2","BOER4","YUEL","188418.1209","1322.703785","60268.58035","subshrub,PG,succulent","subshrub","PG","succulent"
"30","Polygon","31","3","Clayey","Bottomland","Loamy","13244532.45","42","LATR2,FLCE,MUPO2","LATR2","FLCE","MUPO2","4064330.818","173.728212","1381.208274","shrub,shrub,PG","shrub","shrub","PG"
"31","Polygon","32","3","Clayey","Bottomland","Loamy","13244532.45","43","LATR2,FLCE,PLMU3","LATR2","FLCE","PLMU3","43342492.31","1101.4144","54841.29733","shrub,shrub,PG","shrub","shrub","PG"
"34","Polygon","35","3","Clayey","Bottomland","Loamy","13244532.45","62","PLMU3,PRGL2,SCBR2","PLMU3","PRGL2","SCBR2","403110.3252","4577.055202","306235.455","PG,shrub,PG","PG","shrub","PG"
"38","Polygon","39","3","Clayey","Bottomland","Loamy","13244532.45","69","PLMU3,SCBR2,YUEL","PLMU3","SCBR2","YUEL","91283.96066","1419.792873","91283.96066","PG,PG,succulent","PG","PG","succulent"
"44","Polygon","45","3","Clayey","Bottomland","Loamy","13244532.45","100","PRGL2,YUEL,SPFL2","PRGL2","YUEL","SPFL2","6825353.19","1038.605512","20999.02709","shrub,succulent,PG","shrub","succulent","PG"
"46","Polygon","47","3","Clayey","Bottomland","Loamy","13244532.45","113","PRGL2,BOER4,GUSA2","PRGL2","BOER4","GUSA2","1846261.913","7318.495581","313114.0752","shrub,PG,subshrub","shrub","PG","subshrub"
"47","Polygon","48","3","Clayey","Bottomland","Loamy","13244532.45","118","PRGL2,GUSA2, ","PRGL2","GUSA2"," ","29724873.71","5857.986601","298466.5165","shrub,subshrub","shrub","subshrub",NA
"48","Polygon","49","3","Clayey","Bottomland","Loamy","13244532.45","119","PRGL2,GUSA2,YUEL","PRGL2","GUSA2","YUEL","1955386.284","1218.911748","42143.14593","shrub,subshrub,succulent","shrub","subshrub","succulent"
"49","Polygon","50","3","Clayey","Bottomland","Loamy","13244532.45","129","PRGL2,YUEL,ARPU9","PRGL2","YUEL","ARPU9","410110.9343","2558.255982","334689.4665","shrub,succulent,PG","shrub","succulent","PG"
"50","Polygon","51","3","Clayey","Bottomland","Loamy","13244532.45","137","PSSC6,YUEL,SPFL2","PSSC6","YUEL","SPFL2","1601384.945","324.940122","1999.102819","shrub,succulent,PG","shrub","succulent","PG"
"52","Polygon","53","3","Clayey","Bottomland","Loamy","13244532.45","146","SCBR2,KOSP,PRGL2","SCBR2","KOSP","PRGL2","751580.3347","2738.201554","279730.9312","PG,shrub,shrub","PG","shrub","shrub"
"53","Polygon","54","3","Clayey","Bottomland","Loamy","13244532.45","153","SCBR2,PRGL2,PLMU3","SCBR2","PRGL2","PLMU3","108854.5017","898.997194","31408.06697","PG,shrub,PG","PG","shrub","PG"
"55","Polygon","56","4","Deep sand"," "," ","2729747.304","54","LATR2,PRGL2,FLCE","LATR2","PRGL2","FLCE","25483520.6","264.103969","927.008917","shrub,shrub,shrub","shrub","shrub","shrub"
"56","Polygon","57","4","Deep sand"," "," ","2729747.304","101","PRGL2, , ","PRGL2"," "," ","57616084.18","1128.004877","10110.26645","shrub","shrub",NA,NA
"57","Polygon","58","4","Deep sand"," "," ","2729747.304","132","PRGL2,ATCA2, ","PRGL2","ATCA2"," ","61344184.43","14149.63684","1895268.145","shrub,shrub","shrub","shrub",NA
"58","Polygon","59","4","Deep sand"," "," ","2729747.304","133","PRGL2,GUSA2, ","PRGL2","GUSA2"," ","39354090.54","521.990602","5882.063435","shrub,subshrub","shrub","subshrub",NA
"59","Polygon","60","5","Deep sand","Sandy","Shallow sandy","89212440.7","1","ARFI2,PRGL2,ARPU9","ARFI2","PRGL2","ARPU9","848488.8688","6514.815172","385875.6478","shrub,shrub,PG","shrub","shrub","PG"
"60","Polygon","61","5","Deep sand","Sandy","Shallow sandy","89212440.7","12","DAFO,LATR2,COWA","DAFO","LATR2","COWA","189431.8893","498.776463","6883.777371","shrub,shrub,shrub","shrub","shrub","shrub"
"61","Polygon","62","5","Deep sand","Sandy","Shallow sandy","89212440.7","13","DAFO,LATR2,PAIN2","DAFO","LATR2","PAIN2","813255.1138","7295.500206","293160.1467","shrub,shrub,shrub","shrub","shrub","shrub"
"62","Polygon","63","5","Deep sand","Sandy","Shallow sandy","89212440.7","14","DAFO,PAIN2,LATR2","DAFO","PAIN2","LATR2","568781.1563","4831.774444","114193.8228","shrub,shrub,shrub","shrub","shrub","shrub"
"63","Polygon","64","5","Deep sand","Sandy","Shallow sandy","89212440.7","38","LATR2, , ","LATR2"," "," ","814026.9469","11951.71135","750592.4735","shrub","shrub",NA,NA
"64","Polygon","65","5","Deep sand","Sandy","Shallow sandy","89212440.7","43","LATR2,FLCE,PLMU3","LATR2","FLCE","PLMU3","43342492.31","22197.18548","660876.1824","shrub,shrub,PG","shrub","shrub","PG"
"66","Polygon","67","5","Deep sand","Sandy","Shallow sandy","89212440.7","46","LATR2,FLCE,SCBR2","LATR2","FLCE","SCBR2","977810.0217","5266.901171","612200.0633","shrub,shrub,PG","shrub","shrub","PG"
"67","Polygon","68","5","Deep sand","Sandy","Shallow sandy","89212440.7","49","LATR2,MUPO2,PRGL2","LATR2","MUPO2","PRGL2","188565.3255","2860.615082","188565.3255","shrub,PG,shrub","shrub","PG","shrub"
"71","Polygon","72","5","Deep sand","Sandy","Shallow sandy","89212440.7","56","LATR2,THAC,PAIN2","LATR2","THAC","PAIN2","1442818.27","6283.000618","54701.44591","shrub,forb,shrub","shrub","forb","shrub"
"75","Polygon","76","5","Deep sand","Sandy","Shallow sandy","89212440.7","104","PRGL2,ARFI2,SPFL2","PRGL2","ARFI2","SPFL2","508125.8644","3604.814802","490245.412","shrub,shrub,PG","shrub","shrub","PG"
"76","Polygon","77","5","Deep sand","Sandy","Shallow sandy","89212440.7","109","PRGL2,ATCA2,GUSA2","PRGL2","ATCA2","GUSA2","6681452.926","12629.51229","1840776.833","shrub,shrub,subshrub","shrub","shrub","subshrub"
"83","Polygon","84","5","Deep sand","Sandy","Shallow sandy","89212440.7","133","PRGL2,GUSA2, ","PRGL2","GUSA2"," ","39354090.54","8023.206933","2748821.866","shrub,subshrub","shrub","subshrub",NA
"84","Polygon","85","6","Deep sand","Shallow sandy"," ","27251884.96","36","GUSA2,PRGL2,YUEL","GUSA2","PRGL2","YUEL","40364.32574","787.41562","39905.9693","subshrub,shrub,succulent","subshrub","shrub","succulent"
"85","Polygon","86","6","Deep sand","Shallow sandy"," ","27251884.96","80","PRGL2,GUSA2, ","PRGL2","GUSA2"," ","254274.3534","1570.038827","65258.89878","shrub,subshrub","shrub","subshrub",NA
"86","Polygon","87","6","Deep sand","Shallow sandy"," ","27251884.96","101","PRGL2, , ","PRGL2"," "," ","57616084.18","31733.99069","9784264.966","shrub","shrub",NA,NA
"87","Polygon","88","6","Deep sand","Shallow sandy"," ","27251884.96","105","PRGL2,ARPU9, ","PRGL2","ARPU9"," ","7035118.013","8018.060493","3415992.652","shrub,PG","shrub","PG",NA
"88","Polygon","89","6","Deep sand","Shallow sandy"," ","27251884.96","112","PRGL2,ATCA2,YUEL","PRGL2","ATCA2","YUEL","938874.3449","3304.255842","426152.976","shrub,shrub,succulent","shrub","shrub","succulent"
"89","Polygon","90","6","Deep sand","Shallow sandy"," ","27251884.96","118","PRGL2,GUSA2, ","PRGL2","GUSA2"," ","29724873.71","23142.2719","6982646.66","shrub,subshrub","shrub","subshrub",NA
"90","Polygon","91","6","Deep sand","Shallow sandy"," ","27251884.96","130","PRGL2,YUEL,GUSA2","PRGL2","YUEL","GUSA2","12676395.23","21712.28685","6435035.888","shrub,succulent,subshrub","shrub","succulent","subshrub"
"91","Polygon","92","6","Deep sand","Shallow sandy"," ","27251884.96","165","YUEL,PRGL2, ","YUEL","PRGL2"," ","414716.4026","4133.139313","70369.80855","succulent,shrub","succulent","shrub",NA
"92","Polygon","93","7","Deep sand","Shallow sandy","Deep sand","16796.14723","80","PRGL2,GUSA2, ","PRGL2","GUSA2"," ","254274.3534","776.241592","16796.14723","shrub,subshrub","shrub","subshrub",NA
"93","Polygon","94","8","Deep sand","Shallow sandy","Shallow sandy","490190.8801","36","GUSA2,PRGL2,YUEL","GUSA2","PRGL2","YUEL","40364.32574","306.085307","458.356769","subshrub,shrub,succulent","subshrub","shrub","succulent"
"94","Polygon","95","8","Deep sand","Shallow sandy","Shallow sandy","490190.8801","80","PRGL2,GUSA2, ","PRGL2","GUSA2"," ","254274.3534","670.484435","7821.979367","shrub,subshrub","shrub","subshrub",NA
"95","Polygon","96","8","Deep sand","Shallow sandy","Shallow sandy","490190.8801","118","PRGL2,GUSA2, ","PRGL2","GUSA2"," ","29724873.71","1328.732145","39800.78582","shrub,subshrub","shrub","subshrub",NA
"96","Polygon","97","8","Deep sand","Shallow sandy","Shallow sandy","490190.8801","130","PRGL2,YUEL,GUSA2","PRGL2","YUEL","GUSA2","12676395.23","6314.786064","155163.0849","shrub,succulent,subshrub","shrub","succulent","subshrub"
"97","Polygon","98","8","Deep sand","Shallow sandy","Shallow sandy","490190.8801","165","YUEL,PRGL2, ","YUEL","PRGL2"," ","414716.4026","4929.389762","286946.6731","succulent,shrub","succulent","shrub",NA
"98","Polygon","99","10","Draw","No ecosite"," ","5763852.348","1","ARFI2,PRGL2,ARPU9","ARFI2","PRGL2","ARPU9","848488.8688","1650.555481","44190.9707","shrub,shrub,PG","shrub","shrub","PG"
"99","Polygon","100","10","Draw","No ecosite"," ","5763852.348","14","DAFO,PAIN2,LATR2","DAFO","PAIN2","LATR2","568781.1563","238.705104","1252.793263","shrub,shrub,shrub","shrub","shrub","shrub"
"100","Polygon","101","10","Draw","No ecosite"," ","5763852.348","38","LATR2, , ","LATR2"," "," ","814026.9469","632.024659","8373.363512","shrub","shrub",NA,NA
"101","Polygon","102","10","Draw","No ecosite"," ","5763852.348","43","LATR2,FLCE,PLMU3","LATR2","FLCE","PLMU3","43342492.31","448.686702","7516.370058","shrub,shrub,PG","shrub","shrub","PG"
"103","Polygon","104","10","Draw","No ecosite"," ","5763852.348","48","LATR2,MUPO2,PRGL2","LATR2","MUPO2","PRGL2","1829154.863","2493.316608","20758.46063","shrub,PG,shrub","shrub","PG","shrub"
"107","Polygon","108","10","Draw","No ecosite"," ","5763852.348","56","LATR2,THAC,PAIN2","LATR2","THAC","PAIN2","1442818.27","325.934843","897.638267","shrub,forb,shrub","shrub","forb","shrub"
"111","Polygon","112","10","Draw","No ecosite"," ","5763852.348","109","PRGL2,ATCA2,GUSA2","PRGL2","ATCA2","GUSA2","6681452.926","2478.619348","123489.4675","shrub,shrub,subshrub","shrub","shrub","subshrub"
"113","Polygon","114","10","Draw","No ecosite"," ","5763852.348","133","PRGL2,GUSA2, ","PRGL2","GUSA2"," ","39354090.54","245.717339","1425.665243","shrub,subshrub","shrub","subshrub",NA
"116","Polygon","117","12","Gravelly"," "," ","13255713.34","56","LATR2,THAC,PAIN2","LATR2","THAC","PAIN2","1442818.27","9967.134741","1119884.251","shrub,forb,shrub","shrub","forb","shrub"
"117","Polygon","118","12","Gravelly"," "," ","13255713.34","102","PRGL2,ARFI2,ATCA2","PRGL2","ARFI2","ATCA2","1621466.198","1400.858766","8611.810302","shrub,shrub,shrub","shrub","shrub","shrub"
"118","Polygon","119","12","Gravelly"," "," ","13255713.34","103","PRGL2,ARFI2,QUERCUS","PRGL2","ARFI2","QUERCUS","4103591.474","8121.445284","116492.4041","shrub,shrub,shrub","shrub","shrub","shrub"
"121","Polygon","122","13","Gravelly","Loamy"," ","25616949.89","27","FLCE,PLMU3,PRGL2","FLCE","PLMU3","PRGL2","1053634.346","779.206181","11000.72103","shrub,PG,shrub","shrub","PG","shrub"
"124","Polygon","125","13","Gravelly","Loamy"," ","25616949.89","48","LATR2,MUPO2,PRGL2","LATR2","MUPO2","PRGL2","1829154.863","7450.053177","1555559.889","shrub,PG,shrub","shrub","PG","shrub"
"140","Polygon","141","16","Gravelly","Shallow sandy"," ","10817908.26","60","PLMU3,MUPO2,LATR2","PLMU3","MUPO2","LATR2","427479.9829","2005.51579","227114.4775","PG,PG,shrub","PG","PG","shrub"
"141","Polygon","142","18","Limestone hills","No ecosite"," ","125520706.8","1","ARFI2,PRGL2,ARPU9","ARFI2","PRGL2","ARPU9","848488.8688","4494.769729","418422.2513","shrub,shrub,PG","shrub","shrub","PG"
"142","Polygon","143","18","Limestone hills","No ecosite"," ","125520706.8","12","DAFO,LATR2,COWA","DAFO","LATR2","COWA","189431.8893","2000.492678","180728.261","shrub,shrub,shrub","shrub","shrub","shrub"
"143","Polygon","144","18","Limestone hills","No ecosite"," ","125520706.8","13","DAFO,LATR2,PAIN2","DAFO","LATR2","PAIN2","813255.1138","4395.021766","520094.9674","shrub,shrub,shrub","shrub","shrub","shrub"
"144","Polygon","145","18","Limestone hills","No ecosite"," ","125520706.8","14","DAFO,PAIN2,LATR2","DAFO","PAIN2","LATR2","568781.1563","3967.982981","453334.5552","shrub,shrub,shrub","shrub","shrub","shrub"
"145","Polygon","146","18","Limestone hills","No ecosite"," ","125520706.8","38","LATR2, , ","LATR2"," "," ","814026.9469","211.732748","271.702815","shrub","shrub",NA,NA
"146","Polygon","147","18","Limestone hills","No ecosite"," ","125520706.8","44","LATR2,FLCE,PRGL2","LATR2","FLCE","PRGL2","4058201.27","403.564671","2069.074231","shrub,shrub,shrub","shrub","shrub","shrub"
"147","Polygon","148","18","Limestone hills","No ecosite"," ","125520706.8","52","LATR2,PRGL2,FLCE","LATR2","PRGL2","FLCE","47405692.14","2301.599862","121248.096","shrub,shrub,shrub","shrub","shrub","shrub"
"148","Polygon","149","18","Limestone hills","No ecosite"," ","125520706.8","54","LATR2,PRGL2,FLCE","LATR2","PRGL2","FLCE","25483520.6","2044.896453","16764.36834","shrub,shrub,shrub","shrub","shrub","shrub"
"149","Polygon","150","18","Limestone hills","No ecosite"," ","125520706.8","56","LATR2,THAC,PAIN2","LATR2","THAC","PAIN2","1442818.27","4348.142386","267334.9481","shrub,forb,shrub","shrub","forb","shrub"
"150","Polygon","151","18","Limestone hills","No ecosite"," ","125520706.8","102","PRGL2,ARFI2,ATCA2","PRGL2","ARFI2","ATCA2","1621466.198","6203.439781","332427.6076","shrub,shrub,shrub","shrub","shrub","shrub"
"151","Polygon","152","18","Limestone hills","No ecosite"," ","125520706.8","103","PRGL2,ARFI2,QUERCUS","PRGL2","ARFI2","QUERCUS","4103591.474","13789.88703","355250.9301","shrub,shrub,shrub","shrub","shrub","shrub"
"152","Polygon","153","18","Limestone hills","No ecosite"," ","125520706.8","104","PRGL2,ARFI2,SPFL2","PRGL2","ARFI2","SPFL2","508125.8644","880.478173","17880.45046","shrub,shrub,PG","shrub","shrub","PG"
"153","Polygon","154","18","Limestone hills","No ecosite"," ","125520706.8","109","PRGL2,ATCA2,GUSA2","PRGL2","ATCA2","GUSA2","6681452.926","380.935968","2501.574452","shrub,shrub,subshrub","shrub","shrub","subshrub"
"154","Polygon","155","18","Limestone hills","No ecosite"," ","125520706.8","131","PRGL2, , ","PRGL2"," "," ","455271.0698","79.544661","251.822249","shrub","shrub",NA,NA
"155","Polygon","156","18","Limestone hills","No ecosite"," ","125520706.8","132","PRGL2,ATCA2, ","PRGL2","ATCA2"," ","61344184.43","8697.175842","271735.6456","shrub,shrub","shrub","shrub",NA
"156","Polygon","157","19","Loamy"," "," ","15362815.09","22","FLCE,LATR2,PLMU3","FLCE","LATR2","PLMU3","2217269.929","3209.182513","19966.37857","shrub,shrub,PG","shrub","shrub","PG"
"157","Polygon","158","19","Loamy"," "," ","15362815.09","43","LATR2,FLCE,PLMU3","LATR2","FLCE","PLMU3","43342492.31","47335.75442","1050929.871","shrub,shrub,PG","shrub","shrub","PG"
"158","Polygon","159","19","Loamy"," "," ","15362815.09","47","LATR2,GUSA2,ERLE","LATR2","GUSA2","ERLE","1222034.019","5494.819196","1173467.019","shrub,subshrub,Inv","shrub","subshrub","Inv"
"159","Polygon","160","19","Loamy"," "," ","15362815.09","48","LATR2,MUPO2,PRGL2","LATR2","MUPO2","PRGL2","1829154.863","2555.184444","197718.3201","shrub,PG,shrub","shrub","PG","shrub"
"161","Polygon","162","19","Loamy"," "," ","15362815.09","55","LATR2,SCBR2, ","LATR2","SCBR2"," ","965816.2125","3280.492305","60116.43385","shrub,PG","shrub","PG",NA
"162","Polygon","163","19","Loamy"," "," ","15362815.09","82","PRGL2,MUPO2,LATR2","PRGL2","MUPO2","LATR2","1090007.922","12012.2615","696398.5803","shrub,PG,shrub","shrub","PG","shrub"
"164","Polygon","165","22","Sandy"," "," ","326489.6776","73","PRGL2,ARPU9,GUSA2","PRGL2","ARPU9","GUSA2","1581777.474","542.779167","10335.10968","shrub,PG,subshrub","shrub","PG","subshrub"
"166","Polygon","167","22","Sandy"," "," ","326489.6776","95","PRGL2,YUEL,ARPU9","PRGL2","YUEL","ARPU9","3571571.024","1690.470062","31620.99639","shrub,succulent,PG","shrub","succulent","PG"
"168","Polygon","169","23","Sandy"," "," ","3315708.291","43","LATR2,FLCE,PLMU3","LATR2","FLCE","PLMU3","43342492.31","5158.757755","58630.58422","shrub,shrub,PG","shrub","shrub","PG"
"171","Polygon","172","23","Sandy"," "," ","3315708.291","55","LATR2,SCBR2, ","LATR2","SCBR2"," ","965816.2125","761.518509","7943.853298","shrub,PG","shrub","PG",NA
"172","Polygon","173","24","Sandy","Deep sand"," ","151764991","3","ARPU9,SPFL2, ","ARPU9","SPFL2"," ","583649.5255","4691.127892","450386.0159","PG,PG","PG","PG",NA
"174","Polygon","175","24","Sandy","Deep sand"," ","151764991","8","BOER4,ARPU9,YUEL","BOER4","ARPU9","YUEL","1697371.497","3044.918739","420330.3783","PG,PG,succulent","PG","PG","succulent"
"175","Polygon","176","24","Sandy","Deep sand"," ","151764991","10","BOER4,SCBR2,YUEL","BOER4","SCBR2","YUEL","206364.1524","47.148455","59.990034","PG,PG,succulent","PG","PG","succulent"
"177","Polygon","178","24","Sandy","Deep sand"," ","151764991","15","EPHEDRA,PRGL2,YUEL","EPHEDRA","PRGL2","YUEL","56496.87696","1025.196005","56496.87696","succulent,shrub,succulent","succulent","shrub","succulent"
"178","Polygon","179","24","Sandy","Deep sand"," ","151764991","17","EPHEDRA,PRGL2,YUEL","EPHEDRA","PRGL2","YUEL","116963.9621","1241.856715","94928.07806","succulent,shrub,succulent","succulent","shrub","succulent"
"179","Polygon","180","24","Sandy","Deep sand"," ","151764991","18","ERLE,SPFL2,YUEL","ERLE","SPFL2","YUEL","417972.6868","3398.813395","417972.6868","Inv,PG,succulent","Inv","PG","succulent"
"180","Polygon","181","24","Sandy","Deep sand"," ","151764991","28","FLCE,PLMU3,SCBR2","FLCE","PLMU3","SCBR2","7147095.878","3343.029663","300772.0141","shrub,PG,PG","shrub","PG","PG"
"181","Polygon","182","24","Sandy","Deep sand"," ","151764991","33","FLCE,SCBR2,PLMU3","FLCE","SCBR2","PLMU3","17413694.84","3787.244356","133972.4367","shrub,PG,PG","shrub","PG","PG"
"182","Polygon","183","24","Sandy","Deep sand"," ","151764991","34","FLCE,SPAI,SCBR2","FLCE","SPAI","SCBR2","2576110.634","3649.963803","296618.4396","shrub,PG,PG","shrub","PG","PG"
"183","Polygon","184","24","Sandy","Deep sand"," ","151764991","35","GUSA2,BOER4,YUEL","GUSA2","BOER4","YUEL","188418.1209","1451.411924","128149.5404","subshrub,PG,succulent","subshrub","PG","succulent"
"184","Polygon","185","24","Sandy","Deep sand"," ","151764991","37","GUSA2,SPFL2,PRGL2","GUSA2","SPFL2","PRGL2","107411.9576","2041.457358","107411.9576","subshrub,PG,shrub","subshrub","PG","shrub"
"188","Polygon","189","24","Sandy","Deep sand"," ","151764991","57","PLMU3, , ","PLMU3"," "," ","397142.9198","1683.890685","51441.7736","PG","PG",NA,NA
"189","Polygon","190","24","Sandy","Deep sand"," ","151764991","58","PLMU3,FLCE,SCBR2","PLMU3","FLCE","SCBR2","1163875.112","7015.442973","238970.6969","PG,shrub,PG","PG","shrub","PG"
"190","Polygon","191","24","Sandy","Deep sand"," ","151764991","59","PLMU3,MUPO2,FLCE","PLMU3","MUPO2","FLCE","83113.45844","1053.868324","37034.09319","PG,PG,shrub","PG","PG","shrub"
"192","Polygon","193","24","Sandy","Deep sand"," ","151764991","63","PLMU3,SCBR2, ","PLMU3","SCBR2"," ","1297601.537","1693.797431","71881.19571","PG,PG","PG","PG",NA
"193","Polygon","194","24","Sandy","Deep sand"," ","151764991","64","PLMU3,SCBR2,FLCE","PLMU3","SCBR2","FLCE","261641.6974","1987.096681","61231.30728","PG,PG,shrub","PG","PG","shrub"
"195","Polygon","196","24","Sandy","Deep sand"," ","151764991","74","PRGL2,ARPU9,YUEL","PRGL2","ARPU9","YUEL","20480.73824","733.180109","15752.34292","shrub,PG,succulent","shrub","PG","succulent"
"198","Polygon","199","24","Sandy","Deep sand"," ","151764991","79","PRGL2,FLCE,PLMU3","PRGL2","FLCE","PLMU3","3200987.036","4052.862491","216854.8331","shrub,shrub,PG","shrub","shrub","PG"
"206","Polygon","207","24","Sandy","Deep sand"," ","151764991","93","PRGL2,SPFL2,GUSA2","PRGL2","SPFL2","GUSA2","21268255.85","30433.6697","9762939.425","shrub,PG,subshrub","shrub","PG","subshrub"
"207","Polygon","208","24","Sandy","Deep sand"," ","151764991","94","PRGL2,SPFL2,YUEL","PRGL2","SPFL2","YUEL","10553949.99","5083.873252","378232.4175","shrub,PG,succulent","shrub","PG","succulent"
"208","Polygon","209","24","Sandy","Deep sand"," ","151764991","97","PRGL2,YUEL,ERLE","PRGL2","YUEL","ERLE","54684.60865","890.725364","54684.60865","shrub,succulent,Inv","shrub","succulent","Inv"
"209","Polygon","210","24","Sandy","Deep sand"," ","151764991","98","PRGL2,YUEL,FLCE","PRGL2","YUEL","FLCE","1557292.909","2884.81581","374513.0506","shrub,succulent,shrub","shrub","succulent","shrub"
"210","Polygon","211","24","Sandy","Deep sand"," ","151764991","100","PRGL2,YUEL,SPFL2","PRGL2","YUEL","SPFL2","6825353.19","16008.37743","4964043.016","shrub,succulent,PG","shrub","succulent","PG"
"213","Polygon","214","24","Sandy","Deep sand"," ","151764991","106","PRGL2,ARPU9,GUSA2","PRGL2","ARPU9","GUSA2","633644.9683","2016.827818","176468.8806","shrub,PG,subshrub","shrub","PG","subshrub"
"216","Polygon","217","24","Sandy","Deep sand"," ","151764991","109","PRGL2,ATCA2,GUSA2","PRGL2","ATCA2","GUSA2","6681452.926","14894.8249","2578712.816","shrub,shrub,subshrub","shrub","shrub","subshrub"
"217","Polygon","218","24","Sandy","Deep sand"," ","151764991","110","PRGL2,ATCA2,PLMU3","PRGL2","ATCA2","PLMU3","113981.748","1787.158032","86161.59142","shrub,shrub,PG","shrub","shrub","PG"
"218","Polygon","219","24","Sandy","Deep sand"," ","151764991","111","PRGL2,ATCA2,SPAI","PRGL2","ATCA2","SPAI","1037668.452","2046.772652","76114.20232","shrub,shrub,PG","shrub","shrub","PG"
"219","Polygon","220","24","Sandy","Deep sand"," ","151764991","112","PRGL2,ATCA2,YUEL","PRGL2","ATCA2","YUEL","938874.3449","2055.67284","125909.1648","shrub,shrub,succulent","shrub","shrub","succulent"
"220","Polygon","221","24","Sandy","Deep sand"," ","151764991","113","PRGL2,BOER4,GUSA2","PRGL2","BOER4","GUSA2","1846261.913","7805.752796","1533147.837","shrub,PG,subshrub","shrub","PG","subshrub"
"221","Polygon","222","24","Sandy","Deep sand"," ","151764991","115","PRGL2,CELA,SCBR2","PRGL2","CELA","SCBR2","326787.7083","64.773391","147.573159","shrub,shrub,PG","shrub","shrub","PG"
"223","Polygon","224","24","Sandy","Deep sand"," ","151764991","118","PRGL2,GUSA2, ","PRGL2","GUSA2"," ","29724873.71","52388.02667","12686656.6","shrub,subshrub","shrub","subshrub",NA
"224","Polygon","225","24","Sandy","Deep sand"," ","151764991","119","PRGL2,GUSA2,YUEL","PRGL2","GUSA2","YUEL","1955386.284","8096.544444","1396325.787","shrub,subshrub,succulent","shrub","subshrub","succulent"
"230","Polygon","231","24","Sandy","Deep sand"," ","151764991","127","PRGL2,SPFL2,GUSA2","PRGL2","SPFL2","GUSA2","2072824.431","8904.484396","1069524.748","shrub,PG,subshrub","shrub","PG","subshrub"
"231","Polygon","232","24","Sandy","Deep sand"," ","151764991","128","PRGL2,SPFL2,YUEL","PRGL2","SPFL2","YUEL","5514872.158","2707.785416","173607.2277","shrub,PG,succulent","shrub","PG","succulent"
"232","Polygon","233","24","Sandy","Deep sand"," ","151764991","129","PRGL2,YUEL,ARPU9","PRGL2","YUEL","ARPU9","410110.9343","259.856683","4508.861845","shrub,succulent,PG","shrub","succulent","PG"
"233","Polygon","234","24","Sandy","Deep sand"," ","151764991","130","PRGL2,YUEL,GUSA2","PRGL2","YUEL","GUSA2","12676395.23","5351.701357","281046.7971","shrub,succulent,subshrub","shrub","succulent","subshrub"
"236","Polygon","237","24","Sandy","Deep sand"," ","151764991","133","PRGL2,GUSA2, ","PRGL2","GUSA2"," ","39354090.54","56542.70377","26337148.21","shrub,subshrub","shrub","subshrub",NA
"238","Polygon","239","24","Sandy","Deep sand"," ","151764991","135","PSSC6,PRGL2,GUSA2","PSSC6","PRGL2","GUSA2","467736.0943","3060.078117","467736.0943","shrub,shrub,subshrub","shrub","shrub","subshrub"
"239","Polygon","240","24","Sandy","Deep sand"," ","151764991","136","PSSC6,SPFL2,YUEL","PSSC6","SPFL2","YUEL","796861.1881","3305.409585","570706.5932","shrub,PG,succulent","shrub","PG","succulent"
"241","Polygon","242","24","Sandy","Deep sand"," ","151764991","145","SCBR2,KOSP, ","SCBR2","KOSP"," ","1174020.295","1727.422093","126061.1086","PG,shrub","PG","shrub",NA
"242","Polygon","243","24","Sandy","Deep sand"," ","151764991","147","SCBR2,PLMU3, ","SCBR2","PLMU3"," ","2426297.229","3441.734078","321912.1353","PG,PG","PG","PG",NA
"243","Polygon","244","24","Sandy","Deep sand"," ","151764991","148","SCBR2,PLMU3,FLCE","SCBR2","PLMU3","FLCE","1716426.24","777.668429","29938.22551","PG,PG,shrub","PG","PG","shrub"
"244","Polygon","245","24","Sandy","Deep sand"," ","151764991","149","SCBR2,PLMU3,OPUNT","SCBR2","PLMU3","OPUNT","3546573.362","2102.056341","46194.92576","PG,PG,succulent","PG","PG","succulent"
"246","Polygon","247","24","Sandy","Deep sand"," ","151764991","155","SCBR2,SPAI,PLMU3","SCBR2","SPAI","PLMU3","464154.6361","1842.635816","154581.137","PG,PG,PG","PG","PG","PG"
"247","Polygon","248","24","Sandy","Deep sand"," ","151764991","157","SCBR2,SPFL2,FLCE","SCBR2","SPFL2","FLCE","704881.4085","3827.613299","704881.4085","PG,PG,shrub","PG","PG","shrub"
"248","Polygon","249","24","Sandy","Deep sand"," ","151764991","159","SPFL2,ARPU9, ","SPFL2","ARPU9"," ","251335.0229","2938.21944","232701.826","PG,PG","PG","PG",NA
"250","Polygon","251","24","Sandy","Deep sand"," ","151764991","161","SPFL2,ARPU9,YUEL","SPFL2","ARPU9","YUEL","7375763.938","21280.1874","4844592.62","PG,PG,succulent","PG","PG","succulent"
"251","Polygon","252","24","Sandy","Deep sand"," ","151764991","162","SPFL2,GUSA2,PRGL2","SPFL2","GUSA2","PRGL2","884368.1104","2049.827803","226980.9126","PG,subshrub,shrub","PG","subshrub","shrub"
"252","Polygon","253","24","Sandy","Deep sand"," ","151764991","163","SPORO,EPHEDRA, ","SPORO","EPHEDRA"," ","2321955.057","892.243157","12962.92584","PG,succulent","PG","succulent",NA
"253","Polygon","254","24","Sandy","Deep sand"," ","151764991","164","YUEL,PRGL2,GUSA2","YUEL","PRGL2","GUSA2","386546.6708","3246.300924","385065.5681","succulent,shrub,subshrub","succulent","shrub","subshrub"
"254","Polygon","255","24","Sandy","Deep sand"," ","151764991","165","YUEL,PRGL2, ","YUEL","PRGL2"," ","414716.4026","866.972033","24519.24871","succulent,shrub","succulent","shrub",NA
"256","Polygon","257","25","Sandy","Deep sand","Shallow sandy","36229137.91","9","BOER4,PRGL2,YUEL","BOER4","PRGL2","YUEL","1349749.198","7072.027555","1188193.165","PG,shrub,succulent","PG","shrub","succulent"
"258","Polygon","259","25","Sandy","Deep sand","Shallow sandy","36229137.91","26","FLCE,PLMU3,PRGL2","FLCE","PLMU3","PRGL2","101920.8984","2094.41451","101920.8984","shrub,PG,shrub","shrub","PG","shrub"
"259","Polygon","260","25","Sandy","Deep sand","Shallow sandy","36229137.91","30","FLCE,PRGL2,PLMU3","FLCE","PRGL2","PLMU3","82068.72888","1667.93307","82068.72888","shrub,shrub,PG","shrub","shrub","PG"
"260","Polygon","261","25","Sandy","Deep sand","Shallow sandy","36229137.91","58","PLMU3,FLCE,SCBR2","PLMU3","FLCE","SCBR2","1163875.112","1536.40423","56423.96749","PG,shrub,PG","PG","shrub","PG"
"261","Polygon","262","25","Sandy","Deep sand","Shallow sandy","36229137.91","66","PLMU3,SCBR2,OPUNT","PLMU3","SCBR2","OPUNT","1257991.714","970.319878","24011.76075","PG,PG,succulent","PG","PG","succulent"
"263","Polygon","264","25","Sandy","Deep sand","Shallow sandy","36229137.91","78","PRGL2,BOER4,YUEL","PRGL2","BOER4","YUEL","8985471.574","21031.387","4216885.643","shrub,PG,succulent","shrub","PG","succulent"
"264","Polygon","265","25","Sandy","Deep sand","Shallow sandy","36229137.91","80","PRGL2,GUSA2, ","PRGL2","GUSA2"," ","254274.3534","1925.498662","163353.2076","shrub,subshrub","shrub","subshrub",NA
"265","Polygon","266","25","Sandy","Deep sand","Shallow sandy","36229137.91","93","PRGL2,SPFL2,GUSA2","PRGL2","SPFL2","GUSA2","21268255.85","10498.19412","2500830.736","shrub,PG,subshrub","shrub","PG","subshrub"
"266","Polygon","267","25","Sandy","Deep sand","Shallow sandy","36229137.91","94","PRGL2,SPFL2,YUEL","PRGL2","SPFL2","YUEL","10553949.99","1461.241589","61670.47198","shrub,PG,succulent","shrub","PG","succulent"
"267","Polygon","268","25","Sandy","Deep sand","Shallow sandy","36229137.91","95","PRGL2,YUEL,ARPU9","PRGL2","YUEL","ARPU9","3571571.024","4156.032143","530904.5267","shrub,succulent,PG","shrub","succulent","PG"
"268","Polygon","269","25","Sandy","Deep sand","Shallow sandy","36229137.91","96","PRGL2,YUEL,EPHEDRA","PRGL2","YUEL","EPHEDRA","119150.2092","1235.508175","83370.99839","shrub,succulent,succulent","shrub","succulent","succulent"
"269","Polygon","270","25","Sandy","Deep sand","Shallow sandy","36229137.91","100","PRGL2,YUEL,SPFL2","PRGL2","YUEL","SPFL2","6825353.19","5080.067692","715238.7201","shrub,succulent,PG","shrub","succulent","PG"
"271","Polygon","272","25","Sandy","Deep sand","Shallow sandy","36229137.91","106","PRGL2,ARPU9,GUSA2","PRGL2","ARPU9","GUSA2","633644.9683","3140.805566","457176.0878","shrub,PG,subshrub","shrub","PG","subshrub"
"273","Polygon","274","25","Sandy","Deep sand","Shallow sandy","36229137.91","109","PRGL2,ATCA2,GUSA2","PRGL2","ATCA2","GUSA2","6681452.926","1142.624332","63956.52297","shrub,shrub,subshrub","shrub","shrub","subshrub"
"274","Polygon","275","25","Sandy","Deep sand","Shallow sandy","36229137.91","112","PRGL2,ATCA2,YUEL","PRGL2","ATCA2","YUEL","938874.3449","4141.684562","305635.2708","shrub,shrub,succulent","shrub","shrub","succulent"
"275","Polygon","276","25","Sandy","Deep sand","Shallow sandy","36229137.91","118","PRGL2,GUSA2, ","PRGL2","GUSA2"," ","29724873.71","12156.47321","3149164.897","shrub,subshrub","shrub","subshrub",NA
"276","Polygon","277","25","Sandy","Deep sand","Shallow sandy","36229137.91","119","PRGL2,GUSA2,YUEL","PRGL2","GUSA2","YUEL","1955386.284","4490.705844","516917.3557","shrub,subshrub,succulent","shrub","subshrub","succulent"
"277","Polygon","278","25","Sandy","Deep sand","Shallow sandy","36229137.91","130","PRGL2,YUEL,GUSA2","PRGL2","YUEL","GUSA2","12676395.23","19777.2891","1721790.838","shrub,succulent,subshrub","shrub","succulent","subshrub"
"278","Polygon","279","25","Sandy","Deep sand","Shallow sandy","36229137.91","133","PRGL2,GUSA2, ","PRGL2","GUSA2"," ","39354090.54","20147.09636","8013899.941","shrub,subshrub","shrub","subshrub",NA
"279","Polygon","280","25","Sandy","Deep sand","Shallow sandy","36229137.91","162","SPFL2,GUSA2,PRGL2","SPFL2","GUSA2","PRGL2","884368.1104","2104.944148","164059.6951","PG,subshrub,shrub","PG","subshrub","shrub"
"280","Polygon","281","25","Sandy","Deep sand","Shallow sandy","36229137.91","164","YUEL,PRGL2,GUSA2","YUEL","PRGL2","GUSA2","386546.6708","202.616888","1481.102841","succulent,shrub,subshrub","succulent","shrub","subshrub"
"281","Polygon","282","25","Sandy","Deep sand","Shallow sandy","36229137.91","165","YUEL,PRGL2, ","YUEL","PRGL2"," ","414716.4026","221.992977","1735.71474","succulent,shrub","succulent","shrub",NA
"283","Polygon","284","26","Sandy","Loamy","Clayey","6504750.434","22","FLCE,LATR2,PLMU3","FLCE","LATR2","PLMU3","2217269.929","4233.90066","494362.2049","shrub,shrub,PG","shrub","shrub","PG"
"284","Polygon","285","26","Sandy","Loamy","Clayey","6504750.434","24","FLCE,LYBE,PLMU3","FLCE","LYBE","PLMU3","285531.8971","2553.273965","285531.8971","shrub,shrub,PG","shrub","shrub","PG"
"290","Polygon","291","26","Sandy","Loamy","Clayey","6504750.434","41","LATR2,FLCE,BOCU","LATR2","FLCE","BOCU","103218.9627","1544.843056","103218.9627","shrub,shrub,PG","shrub","shrub","PG"
"291","Polygon","292","26","Sandy","Loamy","Clayey","6504750.434","42","LATR2,FLCE,MUPO2","LATR2","FLCE","MUPO2","4064330.818","8945.273633","625546.423","shrub,shrub,PG","shrub","shrub","PG"
"292","Polygon","293","26","Sandy","Loamy","Clayey","6504750.434","43","LATR2,FLCE,PLMU3","LATR2","FLCE","PLMU3","43342492.31","8776.649883","1459207.533","shrub,shrub,PG","shrub","shrub","PG"
"297","Polygon","298","27","Sandy","Loamy","Deep sand","154795964.8","3","ARPU9,SPFL2, ","ARPU9","SPFL2"," ","583649.5255","1502.459251","96304.38263","PG,PG","PG","PG",NA
"298","Polygon","299","27","Sandy","Loamy","Deep sand","154795964.8","6","Bare, , ","Bare"," "," ","672734.5624","1680.79271","88437.58721","Bare","Bare",NA,NA
"300","Polygon","301","27","Sandy","Loamy","Deep sand","154795964.8","16","EPHEDRA,YUEL,PRGL2","EPHEDRA","YUEL","PRGL2","72313.04368","1023.027332","72313.04368","succulent,succulent,shrub","succulent","succulent","shrub"
"301","Polygon","302","27","Sandy","Loamy","Deep sand","154795964.8","17","EPHEDRA,PRGL2,YUEL","EPHEDRA","PRGL2","YUEL","116963.9621","699.820603","22035.88232","succulent,shrub,succulent","succulent","shrub","succulent"
"304","Polygon","305","27","Sandy","Loamy","Deep sand","154795964.8","22","FLCE,LATR2,PLMU3","FLCE","LATR2","PLMU3","2217269.929","8120.613656","316309.8921","shrub,shrub,PG","shrub","shrub","PG"
"305","Polygon","306","27","Sandy","Loamy","Deep sand","154795964.8","27","FLCE,PLMU3,PRGL2","FLCE","PLMU3","PRGL2","1053634.346","4436.508269","318133.9024","shrub,PG,shrub","shrub","PG","shrub"
"308","Polygon","309","27","Sandy","Loamy","Deep sand","154795964.8","31","FLCE,PRGL2,SCBR2","FLCE","PRGL2","SCBR2","523709.4407","3113.571746","410952.8756","shrub,shrub,PG","shrub","shrub","PG"
"312","Polygon","313","27","Sandy","Loamy","Deep sand","154795964.8","43","LATR2,FLCE,PLMU3","LATR2","FLCE","PLMU3","43342492.31","49377.97322","24855559.56","shrub,shrub,PG","shrub","shrub","PG"
"317","Polygon","318","27","Sandy","Loamy","Deep sand","154795964.8","58","PLMU3,FLCE,SCBR2","PLMU3","FLCE","SCBR2","1163875.112","8639.255213","868480.4476","PG,shrub,PG","PG","shrub","PG"
"318","Polygon","319","27","Sandy","Loamy","Deep sand","154795964.8","62","PLMU3,PRGL2,SCBR2","PLMU3","PRGL2","SCBR2","403110.3252","2938.36442","96874.86969","PG,shrub,PG","PG","shrub","PG"
"321","Polygon","322","27","Sandy","Loamy","Deep sand","154795964.8","66","PLMU3,SCBR2,OPUNT","PLMU3","SCBR2","OPUNT","1257991.714","6769.511241","1233979.954","PG,PG,succulent","PG","PG","succulent"
"323","Polygon","324","27","Sandy","Loamy","Deep sand","154795964.8","68","PLMU3,SCBR2,RHMI3","PLMU3","SCBR2","RHMI3","41597.59015","1007.904482","41597.59015","PG,PG,shrub","PG","PG","shrub"
"327","Polygon","328","27","Sandy","Loamy","Deep sand","154795964.8","73","PRGL2,ARPU9,GUSA2","PRGL2","ARPU9","GUSA2","1581777.474","5929.596015","1571442.364","shrub,PG,subshrub","shrub","PG","subshrub"
"329","Polygon","330","27","Sandy","Loamy","Deep sand","154795964.8","78","PRGL2,BOER4,YUEL","PRGL2","BOER4","YUEL","8985471.574","4356.196034","844908.1197","shrub,PG,succulent","shrub","PG","succulent"
"330","Polygon","331","27","Sandy","Loamy","Deep sand","154795964.8","79","PRGL2,FLCE,PLMU3","PRGL2","FLCE","PLMU3","3200987.036","8742.764545","2984132.203","shrub,shrub,PG","shrub","shrub","PG"
"336","Polygon","337","27","Sandy","Loamy","Deep sand","154795964.8","88","PRGL2,RHMI3,SCBR2","PRGL2","RHMI3","SCBR2","47370.77851","1589.990922","47370.77851","shrub,shrub,PG","shrub","shrub","PG"
"339","Polygon","340","27","Sandy","Loamy","Deep sand","154795964.8","93","PRGL2,SPFL2,GUSA2","PRGL2","SPFL2","GUSA2","21268255.85","30506.49817","8604299.74","shrub,PG,subshrub","shrub","PG","subshrub"
"340","Polygon","341","27","Sandy","Loamy","Deep sand","154795964.8","94","PRGL2,SPFL2,YUEL","PRGL2","SPFL2","YUEL","10553949.99","21375.3169","5818713.479","shrub,PG,succulent","shrub","PG","succulent"
"341","Polygon","342","27","Sandy","Loamy","Deep sand","154795964.8","95","PRGL2,YUEL,ARPU9","PRGL2","YUEL","ARPU9","3571571.024","18791.03656","2550294.062","shrub,succulent,PG","shrub","succulent","PG"
"342","Polygon","343","27","Sandy","Loamy","Deep sand","154795964.8","98","PRGL2,YUEL,FLCE","PRGL2","YUEL","FLCE","1557292.909","3064.229777","504948.5172","shrub,succulent,shrub","shrub","succulent","shrub"
"343","Polygon","344","27","Sandy","Loamy","Deep sand","154795964.8","100","PRGL2,YUEL,SPFL2","PRGL2","YUEL","SPFL2","6825353.19","2587.877369","306455.9041","shrub,succulent,PG","shrub","succulent","PG"
"347","Polygon","348","27","Sandy","Loamy","Deep sand","154795964.8","110","PRGL2,ATCA2,PLMU3","PRGL2","ATCA2","PLMU3","113981.748","1022.835346","27820.1564","shrub,shrub,PG","shrub","shrub","PG"
"348","Polygon","349","27","Sandy","Loamy","Deep sand","154795964.8","111","PRGL2,ATCA2,SPAI","PRGL2","ATCA2","SPAI","1037668.452","4565.087784","961554.2501","shrub,shrub,PG","shrub","shrub","PG"
"349","Polygon","350","27","Sandy","Loamy","Deep sand","154795964.8","112","PRGL2,ATCA2,YUEL","PRGL2","ATCA2","YUEL","938874.3449","1502.598682","81176.93273","shrub,shrub,succulent","shrub","shrub","succulent"
"350","Polygon","351","27","Sandy","Loamy","Deep sand","154795964.8","114","PRGL2,BOER4,YUEL","PRGL2","BOER4","YUEL","586744.0089","3504.414108","586744.0089","shrub,PG,succulent","shrub","PG","succulent"
"351","Polygon","352","27","Sandy","Loamy","Deep sand","154795964.8","115","PRGL2,CELA,SCBR2","PRGL2","CELA","SCBR2","326787.7083","2975.078333","326640.1353","shrub,shrub,PG","shrub","shrub","PG"
"354","Polygon","355","27","Sandy","Loamy","Deep sand","154795964.8","118","PRGL2,GUSA2, ","PRGL2","GUSA2"," ","29724873.71","34674.95981","5101575.042","shrub,subshrub","shrub","subshrub",NA
"356","Polygon","357","27","Sandy","Loamy","Deep sand","154795964.8","123","PRGL2,PLMU3,FLCE","PRGL2","PLMU3","FLCE","64237.02013","1044.252365","64237.02013","shrub,PG,shrub","shrub","PG","shrub"
"358","Polygon","359","27","Sandy","Loamy","Deep sand","154795964.8","128","PRGL2,SPFL2,YUEL","PRGL2","SPFL2","YUEL","5514872.158","12982.61633","2900983.938","shrub,PG,succulent","shrub","PG","succulent"
"359","Polygon","360","27","Sandy","Loamy","Deep sand","154795964.8","129","PRGL2,YUEL,ARPU9","PRGL2","YUEL","ARPU9","410110.9343","2013.22706","70912.60616","shrub,succulent,PG","shrub","succulent","PG"
"360","Polygon","361","27","Sandy","Loamy","Deep sand","154795964.8","130","PRGL2,YUEL,GUSA2","PRGL2","YUEL","GUSA2","12676395.23","2372.280312","78355.97296","shrub,succulent,subshrub","shrub","succulent","subshrub"
"362","Polygon","363","27","Sandy","Loamy","Deep sand","154795964.8","133","PRGL2,GUSA2, ","PRGL2","GUSA2"," ","39354090.54","25199.56358","2246912.68","shrub,subshrub","shrub","subshrub",NA
"363","Polygon","364","27","Sandy","Loamy","Deep sand","154795964.8","136","PSSC6,SPFL2,YUEL","PSSC6","SPFL2","YUEL","796861.1881","3787.032837","226154.5948","shrub,PG,succulent","shrub","PG","succulent"
"364","Polygon","365","27","Sandy","Loamy","Deep sand","154795964.8","137","PSSC6,YUEL,SPFL2","PSSC6","YUEL","SPFL2","1601384.945","6217.182482","1599385.842","shrub,succulent,PG","shrub","succulent","PG"
"370","Polygon","371","27","Sandy","Loamy","Deep sand","154795964.8","143","SCBR2,FLCE,PLMU3","SCBR2","FLCE","PLMU3","212469.5219","817.505948","24453.32727","PG,shrub,PG","PG","shrub","PG"
"371","Polygon","372","27","Sandy","Loamy","Deep sand","154795964.8","144","SCBR2,FLCE,SPAI","SCBR2","FLCE","SPAI","921956.4758","5155.578499","921956.4758","PG,shrub,PG","PG","shrub","PG"
"372","Polygon","373","27","Sandy","Loamy","Deep sand","154795964.8","145","SCBR2,KOSP, ","SCBR2","KOSP"," ","1174020.295","8295.233665","1045768.612","PG,shrub","PG","shrub",NA
"373","Polygon","374","27","Sandy","Loamy","Deep sand","154795964.8","146","SCBR2,KOSP,PRGL2","SCBR2","KOSP","PRGL2","751580.3347","4268.046587","463855.301","PG,shrub,shrub","PG","shrub","shrub"
"376","Polygon","377","27","Sandy","Loamy","Deep sand","154795964.8","149","SCBR2,PLMU3,OPUNT","SCBR2","PLMU3","OPUNT","3546573.362","26178.01172","3500378.436","PG,PG,succulent","PG","PG","succulent"
"379","Polygon","380","27","Sandy","Loamy","Deep sand","154795964.8","152","SCBR2,PRGL2,EPHEDRA","SCBR2","PRGL2","EPHEDRA","269978.5779","5492.193259","269978.5779","PG,shrub,succulent","PG","shrub","succulent"
"380","Polygon","381","27","Sandy","Loamy","Deep sand","154795964.8","153","SCBR2,PRGL2,PLMU3","SCBR2","PRGL2","PLMU3","108854.5017","1393.922209","77446.43421","PG,shrub,PG","PG","shrub","PG"
"384","Polygon","385","27","Sandy","Loamy","Deep sand","154795964.8","158","SPAI, , ","SPAI"," "," ","154524.0585","243.344409","1189.826813","PG","PG",NA,NA
"385","Polygon","386","27","Sandy","Loamy","Deep sand","154795964.8","161","SPFL2,ARPU9,YUEL","SPFL2","ARPU9","YUEL","7375763.938","18913.28561","1926005.742","PG,PG,succulent","PG","PG","succulent"
"386","Polygon","387","27","Sandy","Loamy","Deep sand","154795964.8","162","SPFL2,GUSA2,PRGL2","SPFL2","GUSA2","PRGL2","884368.1104","3332.249432","493327.5385","PG,subshrub,shrub","PG","subshrub","shrub"
"387","Polygon","388","27","Sandy","Loamy","Deep sand","154795964.8","163","SPORO,EPHEDRA, ","SPORO","EPHEDRA"," ","2321955.057","33263.38742","2308992.131","PG,succulent","PG","succulent",NA
"388","Polygon","389","28","Sandy","Shallow sandy"," ","15174053.53","3","ARPU9,SPFL2, ","ARPU9","SPFL2"," ","583649.5255","1329.593453","31712.84843","PG,PG","PG","PG",NA
"389","Polygon","390","28","Sandy","Shallow sandy"," ","15174053.53","8","BOER4,ARPU9,YUEL","BOER4","ARPU9","YUEL","1697371.497","5159.583236","1277041.142","PG,PG,succulent","PG","PG","succulent"
"390","Polygon","391","28","Sandy","Shallow sandy"," ","15174053.53","9","BOER4,PRGL2,YUEL","BOER4","PRGL2","YUEL","1349749.198","2344.768781","95206.24858","PG,shrub,succulent","PG","shrub","succulent"
"391","Polygon","392","28","Sandy","Shallow sandy"," ","15174053.53","10","BOER4,SCBR2,YUEL","BOER4","SCBR2","YUEL","206364.1524","2017.623258","206304.1621","PG,PG,succulent","PG","PG","succulent"
"393","Polygon","394","28","Sandy","Shallow sandy"," ","15174053.53","28","FLCE,PLMU3,SCBR2","FLCE","PLMU3","SCBR2","7147095.878","4988.708585","323147.4046","shrub,PG,PG","shrub","PG","PG"
"394","Polygon","395","28","Sandy","Shallow sandy"," ","15174053.53","31","FLCE,PRGL2,SCBR2","FLCE","PRGL2","SCBR2","523709.4407","1855.73549","112756.5652","shrub,shrub,PG","shrub","shrub","PG"
"395","Polygon","396","28","Sandy","Shallow sandy"," ","15174053.53","33","FLCE,SCBR2,PLMU3","FLCE","SCBR2","PLMU3","17413694.84","381.551347","3788.428941","shrub,PG,PG","shrub","PG","PG"
"396","Polygon","397","28","Sandy","Shallow sandy"," ","15174053.53","34","FLCE,SPAI,SCBR2","FLCE","SPAI","SCBR2","2576110.634","1210.760789","39481.15603","shrub,PG,PG","shrub","PG","PG"
"397","Polygon","398","28","Sandy","Shallow sandy"," ","15174053.53","78","PRGL2,BOER4,YUEL","PRGL2","BOER4","YUEL","8985471.574","13406.19188","2696981.987","shrub,PG,succulent","shrub","PG","succulent"
"398","Polygon","399","28","Sandy","Shallow sandy"," ","15174053.53","80","PRGL2,GUSA2, ","PRGL2","GUSA2"," ","254274.3534","136.353163","1044.117927","shrub,subshrub","shrub","subshrub",NA
"400","Polygon","401","28","Sandy","Shallow sandy"," ","15174053.53","95","PRGL2,YUEL,ARPU9","PRGL2","YUEL","ARPU9","3571571.024","2905.025552","458751.4381","shrub,succulent,PG","shrub","succulent","PG"
"401","Polygon","402","28","Sandy","Shallow sandy"," ","15174053.53","96","PRGL2,YUEL,EPHEDRA","PRGL2","YUEL","EPHEDRA","119150.2092","947.129012","35779.19557","shrub,succulent,succulent","shrub","succulent","succulent"
"402","Polygon","403","28","Sandy","Shallow sandy"," ","15174053.53","98","PRGL2,YUEL,FLCE","PRGL2","YUEL","FLCE","1557292.909","4460.352095","677831.3412","shrub,succulent,shrub","shrub","succulent","shrub"
"403","Polygon","404","28","Sandy","Shallow sandy"," ","15174053.53","99","PRGL2,YUEL,GUSA2","PRGL2","YUEL","GUSA2","208405.5173","3013.289178","208405.5173","shrub,succulent,subshrub","shrub","succulent","subshrub"
"404","Polygon","405","28","Sandy","Shallow sandy"," ","15174053.53","100","PRGL2,YUEL,SPFL2","PRGL2","YUEL","SPFL2","6825353.19","2367.79839","214701.9664","shrub,succulent,PG","shrub","succulent","PG"
"406","Polygon","407","28","Sandy","Shallow sandy"," ","15174053.53","130","PRGL2,YUEL,GUSA2","PRGL2","YUEL","GUSA2","12676395.23","16072.95224","2330868.564","shrub,succulent,subshrub","shrub","succulent","subshrub"
"407","Polygon","408","28","Sandy","Shallow sandy"," ","15174053.53","143","SCBR2,FLCE,PLMU3","SCBR2","FLCE","PLMU3","212469.5219","2587.217026","188016.1944","PG,shrub,PG","PG","shrub","PG"
"408","Polygon","409","28","Sandy","Shallow sandy"," ","15174053.53","147","SCBR2,PLMU3, ","SCBR2","PLMU3"," ","2426297.229","9416.20942","1110713.036","PG,PG","PG","PG",NA
"409","Polygon","410","28","Sandy","Shallow sandy"," ","15174053.53","148","SCBR2,PLMU3,FLCE","SCBR2","PLMU3","FLCE","1716426.24","2171.1939","121167.6854","PG,PG,shrub","PG","PG","shrub"
"410","Polygon","411","28","Sandy","Shallow sandy"," ","15174053.53","155","SCBR2,SPAI,PLMU3","SCBR2","SPAI","PLMU3","464154.6361","2432.932965","74469.41283","PG,PG,PG","PG","PG","PG"
"411","Polygon","412","28","Sandy","Shallow sandy"," ","15174053.53","159","SPFL2,ARPU9, ","SPFL2","ARPU9"," ","251335.0229","599.377746","18633.19679","PG,PG","PG","PG",NA
"413","Polygon","414","28","Sandy","Shallow sandy"," ","15174053.53","161","SPFL2,ARPU9,YUEL","SPFL2","ARPU9","YUEL","7375763.938","7072.818621","605165.5761","PG,PG,succulent","PG","PG","succulent"
"414","Polygon","415","28","Sandy","Shallow sandy"," ","15174053.53","165","YUEL,PRGL2, ","YUEL","PRGL2"," ","414716.4026","912.953287","31144.95451","succulent,shrub","succulent","shrub",NA
"415","Polygon","416","30","Shallow sandy","Deep sand"," ","7013.853676","108","PRGL2,ATCA2,FLCE","PRGL2","ATCA2","FLCE","1867270.281","423.901023","7013.853676","shrub,shrub,shrub","shrub","shrub","shrub"
"416","Polygon","417","31","Shallow sandy","Sandy"," ","25419663.04","9","BOER4,PRGL2,YUEL","BOER4","PRGL2","YUEL","1349749.198","1188.558712","66349.78585","PG,shrub,succulent","PG","shrub","succulent"
"420","Polygon","421","31","Shallow sandy","Sandy"," ","25419663.04","78","PRGL2,BOER4,YUEL","PRGL2","BOER4","YUEL","8985471.574","8031.299573","1226510.491","shrub,PG,succulent","shrub","PG","succulent"
"421","Polygon","422","31","Shallow sandy","Sandy"," ","25419663.04","93","PRGL2,SPFL2,GUSA2","PRGL2","SPFL2","GUSA2","21268255.85","5943.331514","400185.9083","shrub,PG,subshrub","shrub","PG","subshrub"
"422","Polygon","423","31","Shallow sandy","Sandy"," ","25419663.04","94","PRGL2,SPFL2,YUEL","PRGL2","SPFL2","YUEL","10553949.99","13630.87236","4295333.619","shrub,PG,succulent","shrub","PG","succulent"
"423","Polygon","424","31","Shallow sandy","Sandy"," ","25419663.04","100","PRGL2,YUEL,SPFL2","PRGL2","YUEL","SPFL2","6825353.19","4162.658987","603914.5118","shrub,succulent,PG","shrub","succulent","PG"
"426","Polygon","427","31","Shallow sandy","Sandy"," ","25419663.04","109","PRGL2,ATCA2,GUSA2","PRGL2","ATCA2","GUSA2","6681452.926","10957.01645","2072015.711","shrub,shrub,subshrub","shrub","shrub","subshrub"
"427","Polygon","428","31","Shallow sandy","Sandy"," ","25419663.04","118","PRGL2,GUSA2, ","PRGL2","GUSA2"," ","29724873.71","8304.988951","1466563.193","shrub,subshrub","shrub","subshrub",NA
"429","Polygon","430","31","Shallow sandy","Sandy"," ","25419663.04","127","PRGL2,SPFL2,GUSA2","PRGL2","SPFL2","GUSA2","2072824.431","6123.515967","1003299.683","shrub,PG,subshrub","shrub","PG","subshrub"
"430","Polygon","431","31","Shallow sandy","Sandy"," ","25419663.04","128","PRGL2,SPFL2,YUEL","PRGL2","SPFL2","YUEL","5514872.158","8049.984304","2440280.993","shrub,PG,succulent","shrub","PG","succulent"
"431","Polygon","432","31","Shallow sandy","Sandy"," ","25419663.04","130","PRGL2,YUEL,GUSA2","PRGL2","YUEL","GUSA2","12676395.23","6955.646919","1673399.637","shrub,succulent,subshrub","shrub","succulent","subshrub"
